entry_id,expression,source_article_ids,primary_section,secondary_sections,function,domain,domain_basis,unit_type,evidence_tier,source_asset,source_heading,source_line,usage_constraint,provenance_granularity,reuse_status
CANCER-CELL-38402609-LINE-23,lineage-state adaptation under targeted therapy,38402609,abstract-background,,terminology,clinical-oncology;genomics;transcriptomics;single-cell;bioinformatics;preclinical;targeted-therapy;statistics,"Article-supported domains, not every expression or a paired multiomic cohort; inspect article map",vocabulary,clinical correlative and original functional multiomics,cancer-cell-2024-38402609-language.md,Abstract background,23,pp2–3.,single-paper-synthesis,conventional-term-or-collocation
CANCER-CELL-38402609-LINE-24,Whether [histological transition] contributes functionally to resistance remains unresolved.,38402609,abstract-background,,abstract-background,clinical-oncology;genomics;transcriptomics;single-cell;bioinformatics;preclinical;targeted-therapy;statistics,"Article-supported domains, not every expression or a paired multiomic cohort; inspect article map",sentence-frame,clinical correlative and original functional multiomics,cancer-cell-2024-38402609-language.md,Abstract background,24,"pp3,11.",single-paper-synthesis,synthetic-model
CANCER-CELL-38402609-LINE-26,genotype-defined tumor models and serially passaged organoids,38402609,abstract-methods,,terminology,clinical-oncology;genomics;transcriptomics;single-cell;bioinformatics;preclinical;targeted-therapy;statistics,"Article-supported domains, not every expression or a paired multiomic cohort; inspect article map",vocabulary,clinical correlative and original functional multiomics,cancer-cell-2024-38402609-language.md,Abstract methods,26,"pp4–9,20–21.",single-paper-synthesis,conventional-term-or-collocation
CANCER-CELL-38402609-LINE-27,We integrated [transcriptional assay] with [chromatin assay] and perturbed [candidate regulator].,38402609,abstract-methods,,abstract-methods,clinical-oncology;genomics;transcriptomics;single-cell;bioinformatics;preclinical;targeted-therapy;statistics,"Article-supported domains, not every expression or a paired multiomic cohort; inspect article map",sentence-frame,clinical correlative and original functional multiomics,cancer-cell-2024-38402609-language.md,Abstract methods,27,"pp6–9,22–24.",single-paper-synthesis,synthetic-model
CANCER-CELL-38402609-LINE-29,"The association was stronger in [subgroup], but treatment-effect modification was not formally established.",38402609,abstract-results,,abstract-results,clinical-oncology;genomics;transcriptomics;single-cell;bioinformatics;preclinical;targeted-therapy;statistics,"Article-supported domains, not every expression or a paired multiomic cohort; inspect article map",sentence-frame,clinical correlative and original functional multiomics,cancer-cell-2024-38402609-language.md,Abstract results,29,"pp4,26.",single-paper-synthesis,synthetic-model
CANCER-CELL-38402609-LINE-31,The results support a context-dependent mechanism and nominate a biomarker for independent testing.,38402609,abstract-conclusion,,abstract-conclusion,clinical-oncology;genomics;transcriptomics;single-cell;bioinformatics;preclinical;targeted-therapy;statistics,"Article-supported domains, not every expression or a paired multiomic cohort; inspect article map",sentence-frame,clinical correlative and original functional multiomics,cancer-cell-2024-38402609-language.md,Abstract conclusion,31,pp11–13.,single-paper-synthesis,synthetic-model
CANCER-CELL-38402609-LINE-33,genetic and non-genetic routes to resistance,38402609,introduction,,terminology,clinical-oncology;genomics;transcriptomics;single-cell;bioinformatics;preclinical;targeted-therapy;statistics,"Article-supported domains, not every expression or a paired multiomic cohort; inspect article map",vocabulary,clinical correlative and original functional multiomics,cancer-cell-2024-38402609-language.md,Introduction,33,p3.,single-paper-synthesis,conventional-term-or-collocation
CANCER-CELL-38402609-LINE-34,A lineage transition may be a consequence of treatment or a contributor to resistance; these possibilities require separate tests.,38402609,introduction,,introduction,clinical-oncology;genomics;transcriptomics;single-cell;bioinformatics;preclinical;targeted-therapy;statistics,"Article-supported domains, not every expression or a paired multiomic cohort; inspect article map",sentence-frame,clinical correlative and original functional multiomics,cancer-cell-2024-38402609-language.md,Introduction,34,"pp3,11.",single-paper-synthesis,synthetic-model
CANCER-CELL-38402609-LINE-36,spike-in-calibrated histone-mark profiling,38402609,methods,,terminology,clinical-oncology;genomics;transcriptomics;single-cell;bioinformatics;preclinical;targeted-therapy;statistics,"Article-supported domains, not every expression or a paired multiomic cohort; inspect article map",vocabulary,clinical correlative and original functional multiomics,cancer-cell-2024-38402609-language.md,Methods,36,CUT&Tag; pp22–23.,single-paper-synthesis,conventional-term-or-collocation
CANCER-CELL-38402609-LINE-37,passage-specific chromatin-accessible regions,38402609,methods,,terminology,clinical-oncology;genomics;transcriptomics;single-cell;bioinformatics;preclinical;targeted-therapy;statistics,"Article-supported domains, not every expression or a paired multiomic cohort; inspect article map",vocabulary,clinical correlative and original functional multiomics,cancer-cell-2024-38402609-language.md,Methods,37,ATAC; p22.,single-paper-synthesis,conventional-term-or-collocation
CANCER-CELL-38402609-LINE-38,trajectory inference constrained by expression dynamics,38402609,methods,,terminology,clinical-oncology;genomics;transcriptomics;single-cell;bioinformatics;preclinical;targeted-therapy;statistics,"Article-supported domains, not every expression or a paired multiomic cohort; inspect article map",vocabulary,clinical correlative and original functional multiomics,cancer-cell-2024-38402609-language.md,Methods,38,pp23–24.,single-paper-synthesis,conventional-term-or-collocation
CANCER-CELL-38402609-LINE-39,Missing genotype annotations were retained as unknown rather than assigned to the wild-type group.,38402609,methods,,methods,clinical-oncology;genomics;transcriptomics;single-cell;bioinformatics;preclinical;targeted-therapy;statistics,"Article-supported domains, not every expression or a paired multiomic cohort; inspect article map",sentence-frame,clinical correlative and original functional multiomics,cancer-cell-2024-38402609-language.md,Methods,39,appropriate denominator principle; p21.,single-paper-synthesis,synthetic-model
CANCER-CELL-38402609-LINE-41,enhancer-dependent regulation of a lineage transcription factor,38402609,results,,terminology,clinical-oncology;genomics;transcriptomics;single-cell;bioinformatics;preclinical;targeted-therapy;statistics,"Article-supported domains, not every expression or a paired multiomic cohort; inspect article map",vocabulary,clinical correlative and original functional multiomics,cancer-cell-2024-38402609-language.md,Results,41,pp8–9.,single-paper-synthesis,conventional-term-or-collocation
CANCER-CELL-38402609-LINE-42,"Perturbing [enhancer] altered [phenotype] and [drug sensitivity], whereas the control region did not.",38402609,results,,results,clinical-oncology;genomics;transcriptomics;single-cell;bioinformatics;preclinical;targeted-therapy;statistics,"Article-supported domains, not every expression or a paired multiomic cohort; inspect article map",sentence-frame,clinical correlative and original functional multiomics,cancer-cell-2024-38402609-language.md,Results,42,pp8–9.,single-paper-synthesis,synthetic-model
CANCER-CELL-38402609-LINE-43,"The direction of enrichment was consistent, but the adjusted P value exceeded the prespecified threshold.",38402609,results,,results,clinical-oncology;genomics;transcriptomics;single-cell;bioinformatics;preclinical;targeted-therapy;statistics,"Article-supported domains, not every expression or a paired multiomic cohort; inspect article map",sentence-frame,clinical correlative and original functional multiomics,cancer-cell-2024-38402609-language.md,Results,43,"Fig3F/6B; pp7,12.",single-paper-synthesis,synthetic-model
CANCER-CELL-38402609-LINE-44,"The inferred intermediate state shared [programA] and [programB], without establishing lineage ancestry for individual cells.",38402609,results,,results,clinical-oncology;genomics;transcriptomics;single-cell;bioinformatics;preclinical;targeted-therapy;statistics,"Article-supported domains, not every expression or a paired multiomic cohort; inspect article map",sentence-frame,clinical correlative and original functional multiomics,cancer-cell-2024-38402609-language.md,Results,44,"pp10–11,23–24.",single-paper-synthesis,synthetic-model
CANCER-CELL-38402609-LINE-46,context-dependent sufficiency,38402609,discussion,,terminology,clinical-oncology;genomics;transcriptomics;single-cell;bioinformatics;preclinical;targeted-therapy;statistics,"Article-supported domains, not every expression or a paired multiomic cohort; inspect article map",vocabulary,clinical correlative and original functional multiomics,cancer-cell-2024-38402609-language.md,Discussion,46,"perturbation limitations; pp9,13.",single-paper-synthesis,conventional-term-or-collocation
CANCER-CELL-38402609-LINE-47,"The independent cohort confirmed marker expression, not its association with treatment benefit.",38402609,discussion,,discussion,clinical-oncology;genomics;transcriptomics;single-cell;bioinformatics;preclinical;targeted-therapy;statistics,"Article-supported domains, not every expression or a paired multiomic cohort; inspect article map",sentence-frame,clinical correlative and original functional multiomics,cancer-cell-2024-38402609-language.md,Discussion,47,pp11–12.,single-paper-synthesis,synthetic-model
CANCER-CELL-38402609-LINE-48,"Clinical association, computational inference and experimental perturbation support different levels of the proposed mechanism.",38402609,discussion,,discussion,clinical-oncology;genomics;transcriptomics;single-cell;bioinformatics;preclinical;targeted-therapy;statistics,"Article-supported domains, not every expression or a paired multiomic cohort; inspect article map",sentence-frame,clinical correlative and original functional multiomics,cancer-cell-2024-38402609-language.md,Discussion,48,pp4–13.,single-paper-synthesis,synthetic-model
CANCER-CELL-38402609-LINE-50,Larger genotype-stratified cohorts are needed before [signature] can guide treatment selection.,38402609,conclusion,,conclusion,clinical-oncology;genomics;transcriptomics;single-cell;bioinformatics;preclinical;targeted-therapy;statistics,"Article-supported domains, not every expression or a paired multiomic cohort; inspect article map",sentence-frame,clinical correlative and original functional multiomics,cancer-cell-2024-38402609-language.md,Conclusion,50,p13.,single-paper-synthesis,synthetic-model
CANCER-CELL-38402609-LINE-52,"Cells, organoid lines and animals are reported as distinct experimental units.",38402609,figure,,figure-legends,clinical-oncology;genomics;transcriptomics;single-cell;bioinformatics;preclinical;targeted-therapy;statistics,"Article-supported domains, not every expression or a paired multiomic cohort; inspect article map",sentence-frame,clinical correlative and original functional multiomics,cancer-cell-2024-38402609-language.md,Figure legends,52,"pp5,7,10,21–24.",single-paper-synthesis,synthetic-model
CANCER-CELL-38402609-LINE-54,[Clinical signal] → [genotype and lineage controls] → [drug-response phenotype] → [multi-omic candidate] → [perturbation and negative control] → [single-cell inference] → [human reassessment with missingness/FDR] → [boundary of biomarker validation].,38402609,discussion,,discussion-paragraph-structure,clinical-oncology;genomics;transcriptomics;single-cell;bioinformatics;preclinical;targeted-therapy;statistics,"Article-supported domains, not every expression or a paired multiomic cohort; inspect article map",paragraph-model,clinical correlative and original functional multiomics,cancer-cell-2024-38402609-language.md,Discussion paragraph structure,54,,single-paper-synthesis,synthetic-model
