entry_id,journal,publication_year,source_article_ids,primary_section,secondary_sections,function,domain,unit_type,evidence_tier,expression,usage_constraint,source_locator,provenance_granularity,source_asset,source_line,catalog_version,domain_basis,source_heading,reuse_status,original_note_entry_id,transcription_provenance
CR-26833127-001,Cancer Research,2016,26833127,Results,,Names a quantified myeloid-cell shift in the tumor microenvironment.,stk11;lung-cancer,collocation,source-grounded,tumor-associated neutrophil accumulation,Use only when neutrophils are directly measured; do not infer from cytokines alone.,"Physical PDF pp.5-6; Figure 1, p.14",single-paper-synthesis,cancer-research-2016-26833127-language.md,7,2026-10-02,Article-specific source-grounded STK11 evidence.,Language-retention note,conventional-term-or-collocation,,
CR-26833127-002,Cancer Research,2016,26833127,Materials and Methods,,Specifies the sampled pulmonary fluid compartment.,stk11;lung-cancer,vocabulary,source-grounded,bronchoalveolar lavage fluid,Do not equate BALF measurements with intratumoral concentrations.,"Physical PDF pp.3-4; Figure 1, p.14",single-paper-synthesis,cancer-research-2016-26833127-language.md,8,2026-10-02,Article-specific source-grounded STK11 evidence.,Language-retention note,conventional-term-or-collocation,,
CR-26833127-003,Cancer Research,2016,26833127,Results,,Describes a soluble mediator program associated with LKB1 loss.,stk11;lung-cancer,collocation,source-grounded,proinflammatory cytokine production,Inflammatory signaling must not be presented as synonymous with effective antitumor immunity.,"Physical PDF pp.5-6; Figure 1, p.14",single-paper-synthesis,cancer-research-2016-26833127-language.md,9,2026-10-02,Article-specific source-grounded STK11 evidence.,Language-retention note,conventional-term-or-collocation,,
CR-26833127-004,Cancer Research,2016,26833127,Discussion,,Integrates reduced T-cell abundance with impaired proliferation and effector readouts.,stk11;lung-cancer,collocation,source-grounded,T-cell-suppressed microenvironment,Best used when both compositional and functional evidence is available.,"Physical PDF pp.6-10; Figure 2, p.15",single-paper-synthesis,cancer-research-2016-26833127-language.md,10,2026-10-02,Article-specific source-grounded STK11 evidence.,Language-retention note,conventional-term-or-collocation,,
CR-26833127-005,Cancer Research,2016,26833127,Results,,Provides a compact synthetic description of neutrophil enrichment and lymphocyte depletion.,stk11;lung-cancer,collocation,source-grounded,myeloid-dominant immune contexture,"This is a synthesis, not a verbatim phrase; identify the measured populations.","Synthetic frame anchored to Figures 1-2, physical PDF pp.14-15",single-paper-synthesis,cancer-research-2016-26833127-language.md,11,2026-10-02,Article-specific source-grounded STK11 evidence.,Language-retention note,conventional-term-or-collocation,,
CR-26833127-006,Cancer Research,2016,26833127,Results,,Describes directional reversal of Ki67 and IFN-gamma T-cell readouts.,stk11;lung-cancer,collocation,source-grounded,restore proliferative and effector activity,Name the exact restored readouts and avoid implying complete immune normalization.,"Physical PDF pp.8-9; Figure 4, p.17",single-paper-synthesis,cancer-research-2016-26833127-language.md,12,2026-10-02,Article-specific source-grounded STK11 evidence.,Language-retention note,conventional-term-or-collocation,,
CR-26833127-007,Cancer Research,2016,26833127,Results,,Reports a negative combination-treatment result precisely.,stk11;lung-cancer,collocation,source-grounded,no added survival benefit,Does not establish pharmacologic antagonism without an interaction analysis.,"Physical PDF p.9; Figure 4, p.17",single-paper-synthesis,cancer-research-2016-26833127-language.md,14,2026-10-02,Article-specific source-grounded STK11 evidence.,Language-retention note,conventional-term-or-collocation,,
CR-26833127-008,Cancer Research,2016,26833127,Results,,Synthetic sentence frame for a genotype-stratified immune-composition result.,stk11;lung-cancer,sentence-frame,source-grounded,"Relative to [comparator genotype], [altered genotype] tumors showed increased [myeloid population] together with reduced [lymphoid population/readout].",Use parallel units and provide denominators for each comparison.,"Synthetic frame anchored to Figures 1-2, physical PDF pp.14-15",single-paper-synthesis,cancer-research-2016-26833127-language.md,49,2026-10-02,Article-specific source-grounded STK11 evidence.,Language-retention note,synthetic-model,,
CR-26833127-009,Cancer Research,2016,26833127,Results,,Connects cell abundance and functional assays without conflating them.,stk11;lung-cancer,sentence-frame,source-grounded,"The reduction in [cell abundance] was accompanied by lower [functional readout], indicating that the phenotype involved both composition and function.",Requires direct evidence for both components in the same biological context.,"Synthetic frame anchored to Figure 2, physical PDF p.15",single-paper-synthesis,cancer-research-2016-26833127-language.md,50,2026-10-02,Article-specific source-grounded STK11 evidence.,Language-retention note,synthetic-model,,
CR-26833127-010,Cancer Research,2016,26833127,Results,,Preserves cross-cohort direction and a discordant null result.,stk11;lung-cancer,sentence-frame,source-grounded,"Across [datasets], [marker] was generally lower in [genotype] tumors; however, the association was not significant in [specific cohort or assay].","Name each cohort and assay; do not collapse mRNA, protein, and IHC endpoints.","Synthetic frame anchored to Figure 3, physical PDF p.16",single-paper-synthesis,cancer-research-2016-26833127-language.md,51,2026-10-02,Article-specific source-grounded STK11 evidence.,Language-retention note,synthetic-model,,
CR-26833127-011,Cancer Research,2016,26833127,Discussion,,Sets an evidence-calibrated translational claim ceiling.,stk11;lung-cancer,sentence-frame,source-grounded,"These findings support a preclinical mechanism linking [genotype] to [microenvironmental phenotype], but they do not establish a clinically validated predictive biomarker.",Use when human evidence is retrospective and intervention evidence is preclinical.,Synthetic frame anchored to physical PDF pp.9-10 and Figures 3-4,single-paper-synthesis,cancer-research-2016-26833127-language.md,52,2026-10-02,Article-specific source-grounded STK11 evidence.,Language-retention note,synthetic-model,,
CR-26833127-012,Cancer Research,2016,26833127,Results,,"Paragraph architecture for separating observation, mechanism, and causal reversal.",stk11;lung-cancer,paragraph-model,source-grounded,genotype contrast -> immune composition -> tumor-cell cytokine program -> T-cell function -> intervention,Do not skip negative interventions or present every step as equally causal.,Synthetic architecture anchored to physical PDF pp.5-9 and Figures 1-4,single-paper-synthesis,cancer-research-2016-26833127-language.md,53,2026-10-02,Article-specific source-grounded STK11 evidence.,Language-retention note,synthetic-model,,
CR-26833127-013,Cancer Research,2016,26833127,Discussion,,Paragraph architecture for cautious human validation.,stk11;lung-cancer,paragraph-model,source-grounded,dataset and denominator -> assay-specific direction -> discordant result -> retrospective boundary,Retain cohort-specific denominators and null results; avoid predictive language.,"Synthetic architecture anchored to Figure 3, physical PDF p.16",single-paper-synthesis,cancer-research-2016-26833127-language.md,54,2026-10-02,Article-specific source-grounded STK11 evidence.,Language-retention note,synthetic-model,,
CR-31040157-001,Cancer Research,2019,31040157,Abstract,,Describes a metabolic phenotype produced by two interacting genomic alterations.,stk11;lung-cancer,collocation,source-grounded,cooperative metabolic reprogramming,Requires comparison of the combined state with both single-alteration states.,"Physical PDF p.1; Figure 1, p.6",single-paper-synthesis,cancer-research-2019-31040157-language.md,7,2026-10-02,Article-specific source-grounded STK11 evidence.,Language-retention note,conventional-term-or-collocation,,
CR-31040157-002,Cancer Research,2019,31040157,Results,,Names increased reliance on glutamine-related processes.,stk11;lung-cancer,collocation,source-grounded,enhanced glutamine dependence,"Specify the operational test: deprivation, glutaminase inhibition, or metabolic readout.","Physical PDF pp.7-10; Figures 3-5, pp.8-10",single-paper-synthesis,cancer-research-2019-31040157-language.md,8,2026-10-02,Article-specific source-grounded STK11 evidence.,Language-retention note,conventional-term-or-collocation,,
CR-31040157-003,Cancer Research,2019,31040157,Results,,"Integrates ROS control, glutathione, and pyridine-nucleotide balance.",stk11;lung-cancer,vocabulary,source-grounded,redox homeostasis,Do not infer the full redox state from a single ROS or GSH measurement.,"Physical PDF pp.6-9; Figures 2-4, pp.7-9",single-paper-synthesis,cancer-research-2019-31040157-language.md,9,2026-10-02,Article-specific source-grounded STK11 evidence.,Language-retention note,conventional-term-or-collocation,,
CR-31040157-004,Cancer Research,2019,31040157,Discussion,,Describes replenishment of tricarboxylic-acid-cycle intermediates.,stk11;lung-cancer,collocation,source-grounded,anaplerotic support,"Use only when tracer, metabolite, or rescue evidence supports TCA replenishment.","Physical PDF pp.13-15; Figure 7, p.14",single-paper-synthesis,cancer-research-2019-31040157-language.md,10,2026-10-02,Article-specific source-grounded STK11 evidence.,Language-retention note,conventional-term-or-collocation,,
CR-31040157-005,Cancer Research,2019,31040157,Discussion,,Frames stronger drug sensitivity in a molecularly defined subgroup.,stk11;lung-cancer,collocation,source-grounded,genotype-selective vulnerability,Restrict to tested preclinical models unless validated clinically.,"Figures 5-6, physical PDF pp.10 and 12",single-paper-synthesis,cancer-research-2019-31040157-language.md,11,2026-10-02,Article-specific source-grounded STK11 evidence.,Language-retention note,conventional-term-or-collocation,,
CR-31040157-006,Cancer Research,2019,31040157,Results,,Labels causal restoration or suppression in a shared genetic background.,stk11;lung-cancer,vocabulary,source-grounded,isogenic rescue,"Name the restored gene, comparator, and endpoint.","Figure 5, physical PDF p.10",single-paper-synthesis,cancer-research-2019-31040157-language.md,12,2026-10-02,Article-specific source-grounded STK11 evidence.,Language-retention note,conventional-term-or-collocation,,
CR-31040157-007,Cancer Research,2019,31040157,Results,,Indicates incomplete reversal of a perturbation phenotype.,stk11;lung-cancer,collocation,source-grounded,partial rescue,State the endpoint and model; do not imply pathway sufficiency.,"Physical PDF pp.13-14; Figure 7, p.14",single-paper-synthesis,cancer-research-2019-31040157-language.md,13,2026-10-02,Article-specific source-grounded STK11 evidence.,Language-retention note,conventional-term-or-collocation,,
CR-31040157-008,Cancer Research,2019,31040157,Results,,Reports a formal negative treatment result.,stk11;lung-cancer,collocation,source-grounded,did not significantly affect tumor growth,"Use only for a reported nonsignificant comparison, not for an underpowered trend without analysis.","Figure 6, physical PDF p.12",single-paper-synthesis,cancer-research-2019-31040157-language.md,14,2026-10-02,Article-specific source-grounded STK11 evidence.,Language-retention note,conventional-term-or-collocation,,
CR-31040157-009,Cancer Research,2019,31040157,Results,,Synthetic frame for a genotype-interaction result.,stk11;lung-cancer,sentence-frame,source-grounded,"The combined [alteration A/B] state showed a stronger [pathway phenotype] than either single alteration, supporting cooperative rather than merely additive reprogramming.",Requires direct single- and double-alteration comparisons.,"Synthetic frame anchored to Figure 1, physical PDF p.6",single-paper-synthesis,cancer-research-2019-31040157-language.md,49,2026-10-02,Article-specific source-grounded STK11 evidence.,Language-retention note,synthetic-model,,
CR-31040157-010,Cancer Research,2019,31040157,Results,,Reports a stratified pattern while retaining model heterogeneity.,stk11;lung-cancer,sentence-frame,source-grounded,"Sensitivity to [nutrient withdrawal or inhibitor] was enriched in [genotype] models, although [exception] did not follow the dominant pattern.",Name exceptions and avoid universal language.,"Synthetic frame anchored to Figures 3-5, physical PDF pp.8-10",single-paper-synthesis,cancer-research-2019-31040157-language.md,50,2026-10-02,Article-specific source-grounded STK11 evidence.,Language-retention note,synthetic-model,,
CR-31040157-011,Cancer Research,2019,31040157,Results,,Connects orthogonal metabolic readouts to the observed phenotype.,stk11;lung-cancer,sentence-frame,source-grounded,"Inhibition reduced [bioenergetic or redox readouts] and increased [stress readout], linking the growth phenotype to both energetic and redox disruption.",List measured endpoints and avoid claiming exclusivity.,"Synthetic frame anchored to Figure 4, physical PDF p.9",single-paper-synthesis,cancer-research-2019-31040157-language.md,51,2026-10-02,Article-specific source-grounded STK11 evidence.,Language-retention note,synthetic-model,,
CR-31040157-012,Cancer Research,2019,31040157,Discussion,,Sets a preclinical-to-clinical claim boundary.,stk11;lung-cancer,sentence-frame,source-grounded,"The genotype enriched for response in xenograft and PDX models, but prospective clinical predictive value remains untested.",Use when no prospective patient-treatment cohort is present.,"Synthetic frame anchored to Figure 6 and Discussion, physical PDF pp.12-15",single-paper-synthesis,cancer-research-2019-31040157-language.md,23,2026-10-02,Article-specific source-grounded STK11 evidence.,Language-retention note,synthetic-model,,
CR-31040157-013,Cancer Research,2019,31040157,Discussion,,"Paragraph architecture that separates association, causality, and translation.",stk11;lung-cancer,paragraph-model,source-grounded,human co-occurrence -> four-way genotype comparison -> isogenic perturbation -> drug response -> clinical boundary,Do not treat each evidence layer as equivalent or omit nonresponsive comparators.,Synthetic architecture anchored to physical PDF pp.5-15 and Figures 1-7,single-paper-synthesis,cancer-research-2019-31040157-language.md,52,2026-10-02,Article-specific source-grounded STK11 evidence.,Language-retention note,synthetic-model,,
CR-39207369-001,Cancer Research,2024,39207369,Abstract,,Names a discovery approach that measures invasive behavior in living 3D cultures.,stk11;lung-cancer,collocation,source-grounded,live-cell invasive phenotyping,Use only when invasion is dynamically or longitudinally measured in viable cultures.,"Physical PDF p.1; Figure 1, p.3",single-paper-synthesis,cancer-research-2024-39207369-language.md,7,2026-10-02,Article-specific source-grounded STK11 evidence.,Language-retention note,conventional-term-or-collocation,,
CR-39207369-002,Cancer Research,2024,39207369,Results,,Connects a functional phenotype to candidate-gene prioritization.,stk11;lung-cancer,collocation,source-grounded,invasion-linked transcriptomic screen,A screening association does not establish that every candidate drives invasion.,"Physical PDF pp.5-6; Figure 1, p.3",single-paper-synthesis,cancer-research-2024-39207369-language.md,8,2026-10-02,Article-specific source-grounded STK11 evidence.,Language-retention note,conventional-term-or-collocation,,
CR-39207369-003,Cancer Research,2024,39207369,Results,,Describes suppression that requires the catalytic activity of a tumor suppressor.,stk11;lung-cancer,collocation,source-grounded,kinase-dependent restriction,Requires wild-type versus kinase-dead rescue evidence.,"Figure 2, physical PDF p.6",single-paper-synthesis,cancer-research-2024-39207369-language.md,9,2026-10-02,Article-specific source-grounded STK11 evidence.,Language-retention note,conventional-term-or-collocation,,
CR-39207369-004,Cancer Research,2024,39207369,Results,,Condenses the tested ligand-receptor-signaling pathway.,stk11;lung-cancer,vocabulary,source-grounded,BMP6-ALK2-Smad axis,Keep hepcidin and iron homeostasis as downstream evidence rather than part of the core name.,"Figures 2-4, physical PDF pp.6, 8-9",single-paper-synthesis,cancer-research-2024-39207369-language.md,49,2026-10-02,Article-specific source-grounded STK11 evidence.,Language-retention note,conventional-term-or-collocation,,
CR-39207369-005,Cancer Research,2024,39207369,Discussion,,"Integrates hepcidin, ferroportin, transferrin-receptor, and iron-staining readouts.",stk11;lung-cancer,collocation,source-grounded,iron-homeostasis program,Altered iron homeostasis alone does not identify a specific cell-death mechanism.,"Figure 4 and Discussion, physical PDF pp.9-10",single-paper-synthesis,cancer-research-2024-39207369-language.md,11,2026-10-02,Article-specific source-grounded STK11 evidence.,Language-retention note,conventional-term-or-collocation,,
CR-39207369-006,Cancer Research,2024,39207369,Results,,Reports a graded inhibitor effect on a functional 3D endpoint.,stk11;lung-cancer,collocation,source-grounded,dose-dependent suppression of invasion,"Name the inhibitor, dose range, model, and endpoint when possible.","Figure 3, physical PDF p.8",single-paper-synthesis,cancer-research-2024-39207369-language.md,12,2026-10-02,Article-specific source-grounded STK11 evidence.,Language-retention note,conventional-term-or-collocation,,
CR-39207369-007,Cancer Research,2024,39207369,Results,,Calibrates retrospective tumor-expression evidence.,stk11;lung-cancer,collocation,source-grounded,expression association,Do not convert association to therapeutic prediction or causal regulation in patients.,"Figure 2, physical PDF p.6",single-paper-synthesis,cancer-research-2024-39207369-language.md,14,2026-10-02,Article-specific source-grounded STK11 evidence.,Language-retention note,conventional-term-or-collocation,,
CR-39207369-008,Cancer Research,2024,39207369,Results,,Synthetic frame for phenotype-first target discovery.,stk11;lung-cancer,sentence-frame,source-grounded,"A live-cell 3D screen identified [genotype] as the most invasive state, and transcriptomic filtering prioritized [candidate] for functional validation.",Keep screening and validation stages distinct.,"Synthetic frame anchored to Figure 1, physical PDF p.3",single-paper-synthesis,cancer-research-2024-39207369-language.md,50,2026-10-02,Article-specific source-grounded STK11 evidence.,Language-retention note,synthetic-model,,
CR-39207369-009,Cancer Research,2024,39207369,Results,,Synthetic frame for a catalytic-function rescue experiment.,stk11;lung-cancer,sentence-frame,source-grounded,"Wild-type [tumor suppressor], but not the kinase-dead mutant, reduced [pathway readout], supporting kinase-dependent regulation.",Requires comparable expression and a direct kinase-dead control.,"Synthetic frame anchored to Figure 2, physical PDF p.6",single-paper-synthesis,cancer-research-2024-39207369-language.md,51,2026-10-02,Article-specific source-grounded STK11 evidence.,Language-retention note,synthetic-model,,
CR-39207369-010,Cancer Research,2024,39207369,Results,,Combines ligand and receptor perturbations as convergent validation.,stk11;lung-cancer,sentence-frame,source-grounded,"Neutralization of [ligand] and inhibition of [receptor] each reduced [functional phenotype], providing orthogonal support for the pathway.",Orthogonality strengthens but does not fully exclude off-target explanations.,"Synthetic frame anchored to Figure 3, physical PDF p.8",single-paper-synthesis,cancer-research-2024-39207369-language.md,52,2026-10-02,Article-specific source-grounded STK11 evidence.,Language-retention note,synthetic-model,,
CR-39207369-011,Cancer Research,2024,39207369,Discussion,,Protects against overclassification of a cell-death mechanism.,stk11;lung-cancer,sentence-frame,source-grounded,"TUNEL positivity increased without evidence for [specific death-process readout]; accordingly, the data support cell death but not that specific mechanism.",Name the absent defining readout and avoid mechanism labels unsupported by the assay panel.,"Synthetic frame anchored to Figure 4 and Discussion, physical PDF pp.9-10",single-paper-synthesis,cancer-research-2024-39207369-language.md,53,2026-10-02,Article-specific source-grounded STK11 evidence.,Language-retention note,synthetic-model,,
CR-39207369-012,Cancer Research,2024,39207369,Discussion,,Separates human association from intervention evidence.,stk11;lung-cancer,sentence-frame,source-grounded,"Human tumors showed a genotype-associated expression pattern, whereas therapeutic efficacy was demonstrated only in preclinical models.",Use when no treated human cohort is available.,"Synthetic frame anchored to Figures 2 and 4, physical PDF pp.6 and 9",single-paper-synthesis,cancer-research-2024-39207369-language.md,23,2026-10-02,Article-specific source-grounded STK11 evidence.,Language-retention note,synthetic-model,,
CR-39207369-013,Cancer Research,2024,39207369,Discussion,,Paragraph architecture for phenotype-to-target translation.,stk11;lung-cancer,paragraph-model,source-grounded,3D phenotype -> transcriptomic filter -> human expression check -> mechanistic perturbation -> animal efficacy -> clinical boundary,Do not merge screening evidence with causal or clinical validation.,Synthetic architecture anchored to physical PDF pp.1-10 and Figures 1-4,single-paper-synthesis,cancer-research-2024-39207369-language.md,54,2026-10-02,Article-specific source-grounded STK11 evidence.,Language-retention note,synthetic-model,,
CR-40198901-001,Cancer Research,2025,40198901,Abstract,,Describes increased susceptibility to ferroptotic stress without implying sufficient stand-alone killing.,stk11;lung-cancer,collocation,source-grounded,ferroptosis priming,Use when a second stressor or inhibitor is required for maximal cell death.,"Physical PDF pp.1-2; Figures 2-7, pp.29-39",single-paper-synthesis,cancer-research-2025-40198901-language.md,7,2026-10-02,Article-specific source-grounded STK11 evidence.,Language-retention note,conventional-term-or-collocation,,
CR-40198901-002,Cancer Research,2025,40198901,Results,,Names resistance to cystine deprivation or system-xc-minus inhibition.,stk11;lung-cancer,collocation,source-grounded,ferroptosis evasion,Requires ferroptosis-specific perturbation/rescue evidence; not a synonym for broad drug resistance.,"Physical PDF pp.12-14; Figure 2, pp.29-30",single-paper-synthesis,cancer-research-2025-40198901-language.md,8,2026-10-02,Article-specific source-grounded STK11 evidence.,Language-retention note,conventional-term-or-collocation,,
CR-40198901-003,Cancer Research,2025,40198901,Results,,Summarizes broad shifts in free-fatty-acid and lipid species after SCD1 loss.,stk11;lung-cancer,collocation,source-grounded,lipid metabolism remodeling,Do not assign causal status to every altered lipid species.,"Figure 3, physical PDF pp.31-32",single-paper-synthesis,cancer-research-2025-40198901-language.md,9,2026-10-02,Article-specific source-grounded STK11 evidence.,Language-retention note,conventional-term-or-collocation,,
CR-40198901-004,Cancer Research,2025,40198901,Results,,Links oxidative lipid damage to ferroptotic death.,stk11;lung-cancer,collocation,source-grounded,lipid-peroxidation-mediated cell death,Best used when ferrostatin rescue and apoptosis exclusion support the mechanism.,"Figure 2, physical PDF pp.29-30",single-paper-synthesis,cancer-research-2025-40198901-language.md,10,2026-10-02,Article-specific source-grounded STK11 evidence.,Language-retention note,conventional-term-or-collocation,,
CR-40198901-005,Cancer Research,2025,40198901,Introduction,,Provides a functional description of SLC7A11/system xc-minus.,stk11;lung-cancer,vocabulary,source-grounded,cystine-glutamate antiporter,Distinguish the SLC7A11 subunit from the complete antioxidant network.,Physical PDF pp.2 and 12-16,single-paper-synthesis,cancer-research-2025-40198901-language.md,50,2026-10-02,Article-specific source-grounded STK11 evidence.,Language-retention note,conventional-term-or-collocation,,
CR-40198901-006,Cancer Research,2025,40198901,Results,,Describes different treatment-induced signaling in isogenic NTC and DKO cells.,stk11;lung-cancer,collocation,source-grounded,genotype-specific pathway rewiring,Requires a controlled shared-background comparison.,"Figures 4-5, physical PDF pp.33-36",single-paper-synthesis,cancer-research-2025-40198901-language.md,12,2026-10-02,Article-specific source-grounded STK11 evidence.,Language-retention note,conventional-term-or-collocation,,
CR-40198901-007,Cancer Research,2025,40198901,Results,,Names reversal of a phenotype after restoring a tumor suppressor.,stk11;lung-cancer,collocation,source-grounded,re-expression rescue,"Name the restored gene, comparator state, and rescued endpoint.","Physical PDF pp.18-19; Figure 7, p.39",single-paper-synthesis,cancer-research-2025-40198901-language.md,13,2026-10-02,Article-specific source-grounded STK11 evidence.,Language-retention note,conventional-term-or-collocation,,
CR-40198901-008,Cancer Research,2025,40198901,Materials and Methods,,Specifies longitudinal analysis of repeated tumor-volume measurements.,stk11;lung-cancer,vocabulary,source-grounded,linear mixed-effects regression,Do not describe the result as a simple endpoint comparison when repeated measures were modeled.,"Physical PDF p.11; Figures 6-7, pp.37-39",single-paper-synthesis,cancer-research-2025-40198901-language.md,14,2026-10-02,Article-specific source-grounded STK11 evidence.,Language-retention note,conventional-term-or-collocation,,
CR-40198901-009,Cancer Research,2025,40198901,Discussion,,Calibrates observational expression-survival evidence.,stk11;lung-cancer,collocation,source-grounded,prognostic association rather than treatment prediction,Use when biomarker strata were not prospectively assigned to treatment.,"Figure 1, physical PDF pp.27-28",single-paper-synthesis,cancer-research-2025-40198901-language.md,15,2026-10-02,Article-specific source-grounded STK11 evidence.,Language-retention note,conventional-term-or-collocation,,
CR-40198901-010,Cancer Research,2025,40198901,Results,,Synthetic frame for an evidence-calibrated survival association.,stk11;lung-cancer,sentence-frame,source-grounded,"In the retrospective cohort, high [marker] was associated with shorter overall survival, but the analysis does not establish treatment-predictive value.","Report effect size, denominator, and adjustment status where available.","Synthetic frame anchored to Figure 1, physical PDF pp.27-28",single-paper-synthesis,cancer-research-2025-40198901-language.md,51,2026-10-02,Article-specific source-grounded STK11 evidence.,Language-retention note,synthetic-model,,
CR-40198901-011,Cancer Research,2025,40198901,Results,,Combines biochemical and rescue evidence for ferroptosis.,stk11;lung-cancer,sentence-frame,source-grounded,"[Perturbation] increased lipid peroxidation and reduced glutathione, while ferrostatin rescue supported a ferroptosis-centered mechanism.",Use only when the rescue agent and death phenotype were directly tested.,"Synthetic frame anchored to Figure 2, physical PDF pp.29-30",single-paper-synthesis,cancer-research-2025-40198901-language.md,52,2026-10-02,Article-specific source-grounded STK11 evidence.,Language-retention note,synthetic-model,,
CR-40198901-012,Cancer Research,2025,40198901,Results,,Distinguishes sensitization from direct cytotoxic efficacy.,stk11;lung-cancer,sentence-frame,source-grounded,"The single agent produced limited killing, but it sensitized [genotype] cells to [ferroptotic stressor], consistent with priming rather than stand-alone cytotoxicity.",Retain inactive or weak single-agent results.,"Synthetic frame anchored to Figures 2 and 6-7, physical PDF pp.29-30 and 37-39",single-paper-synthesis,cancer-research-2025-40198901-language.md,53,2026-10-02,Article-specific source-grounded STK11 evidence.,Language-retention note,synthetic-model,,
CR-40198901-013,Cancer Research,2025,40198901,Results,,Reports a stratified combination-treatment result with its negative comparator.,stk11;lung-cancer,sentence-frame,source-grounded,"The combination was active in [co-mutant model] but conferred no clear added benefit in [control model], supporting genotype-selective preclinical activity.",Do not label clinical selectivity or prediction without a treated patient cohort.,"Synthetic frame anchored to Figure 6, physical PDF pp.37-38",single-paper-synthesis,cancer-research-2025-40198901-language.md,54,2026-10-02,Article-specific source-grounded STK11 evidence.,Language-retention note,synthetic-model,,
CR-40198901-014,Cancer Research,2025,40198901,Discussion,,Sets an appropriate safety-evidence ceiling.,stk11;lung-cancer,sentence-frame,source-grounded,Stable body weight and selected serum markers provide limited tolerability evidence but do not constitute a comprehensive safety assessment.,Use when only narrow animal safety panels are available.,"Synthetic frame anchored to Figures 6-7, physical PDF pp.37-39",single-paper-synthesis,cancer-research-2025-40198901-language.md,24,2026-10-02,Article-specific source-grounded STK11 evidence.,Language-retention note,synthetic-model,,
CR-40198901-015,Cancer Research,2025,40198901,Results,,Paragraph architecture for ferroptosis-priming evidence.,stk11;lung-cancer,paragraph-model,source-grounded,baseline resistance -> SCD1 perturbation -> combination effect -> lipid peroxidation/GSH -> ferrostatin rescue -> apoptosis exclusion,"Keep priming, mechanism, and cell-death classification distinct.",Synthetic architecture anchored to physical PDF pp.12-17 and Figures 2-5,single-paper-synthesis,cancer-research-2025-40198901-language.md,55,2026-10-02,Article-specific source-grounded STK11 evidence.,Language-retention note,synthetic-model,,
CR-40198901-016,Cancer Research,2025,40198901,Discussion,,Paragraph architecture separating observational and intervention evidence.,stk11;lung-cancer,paragraph-model,source-grounded,cohort association -> isogenic mechanism -> NTC/DKO comparison -> rescue genotypes -> xenograft efficacy -> clinical ceiling,Do not infer clinical benefit from the observational cohort or preclinical xenografts.,Synthetic architecture anchored to physical PDF pp.11-23 and Figures 1-7,single-paper-synthesis,cancer-research-2025-40198901-language.md,56,2026-10-02,Article-specific source-grounded STK11 evidence.,Language-retention note,synthetic-model,,
CANRES-36512628-INTAKE-20261002-E01,Cancer Research,2023,36512628,abstract,,mechanistic integration,dna-damage-repair;tumor-immunology;immunotherapy;preclinical-oncology,sentence-frame,synthetic,"In [defined models], [genetic loss] coupled [DNA-damage phenotype] to impaired [cytokine-responsive signaling].",do not infer this from a mutation association alone,Figs.1-3,single-paper-synthesis,cancer-research-2023-36512628-reading.md,65,2026-10-02,"Only the specified article-supported models, modalities and endpoints; see evidence map and source alerts.",Section-language curation,synthetic-model,E01,
CANRES-36512628-INTAKE-20261002-E02,Cancer Research,2023,36512628,introduction,,gap,dna-damage-repair;tumor-immunology;immunotherapy;preclinical-oncology,sentence-frame,synthetic,Whether [repair pathway] contributes to [immune-response defect] in [molecular subgroup] remains unclear.,"a scoped question, not a universal lack-of-evidence claim",pp.1-2,single-paper-synthesis,cancer-research-2023-36512628-reading.md,66,2026-10-02,"Only the specified article-supported models, modalities and endpoints; see evidence map and source alerts.",Section-language curation,synthetic-model,E02,
CANRES-36512628-INTAKE-20261002-E03,Cancer Research,2023,36512628,methods,,modification,dna-damage-repair;tumor-immunology;immunotherapy;preclinical-oncology,vocabulary,source_grounded,poly(ADP-ribosyl)ation,PARylation is not phosphorylation or protein abundance,Methods/Fig.3,single-paper-synthesis,cancer-research-2023-36512628-reading.md,67,2026-10-02,"Only the specified article-supported models, modalities and endpoints; see evidence map and source alerts.",Section-language curation,conventional-term-or-collocation,E03,
CANRES-36512628-INTAKE-20261002-E04,Cancer Research,2023,36512628,methods,,control,dna-damage-repair;tumor-immunology;immunotherapy;preclinical-oncology,collocation,source_grounded,kinase-dead rescue control,name exact construct and matched wild-type rescue,Fig.1,single-paper-synthesis,cancer-research-2023-36512628-reading.md,68,2026-10-02,"Only the specified article-supported models, modalities and endpoints; see evidence map and source alerts.",Section-language curation,conventional-term-or-collocation,E04,
CANRES-36512628-INTAKE-20261002-E05,Cancer Research,2023,36512628,methods,,assay provenance,dna-damage-repair;tumor-immunology;immunotherapy;preclinical-oncology,sentence-frame,synthetic,Newly generated [dataset] was analyzed alongside a reanalysis of [public dataset] from [different model context].,"distinguish GSE180963 original from GSE194166 reused; KP/KPL is text-reported from unsupplied Supplementary Fig.S1D-E","Fig.1A; p.4 Data availability/Results; text-reported Supplementary Fig.S1D-E (not supplied)",single-paper-synthesis,cancer-research-2023-36512628-reading.md,69,2026-10-02,"Only the specified article-supported models, modalities and endpoints; see evidence map and source alerts.",Section-language curation,synthetic-model,E05,
CANRES-36512628-INTAKE-20261002-E06,Cancer Research,2023,36512628,results,,context dependence,dna-damage-repair;tumor-immunology;immunotherapy;preclinical-oncology,sentence-frame,synthetic,"[Agent] enhanced [signaling readout] after [cytokine stimulation], but did not elicit the same response in its absence.",do not omit IFN-gamma dependence,Fig.4/main-text supplemental description,single-paper-synthesis,cancer-research-2023-36512628-reading.md,70,2026-10-02,"Only the specified article-supported models, modalities and endpoints; see evidence map and source alerts.",Section-language curation,synthetic-model,E06,
CANRES-36512628-INTAKE-20261002-E07,Cancer Research,2023,36512628,results,,negative survival result,dna-damage-repair;tumor-immunology;immunotherapy;preclinical-oncology,sentence-frame,synthetic,"Although [monotherapy] reduced short-term tumor burden, it did not significantly prolong survival relative to [comparators].",nonsignificant is not proof of no possible effect,Fig.5G-I,single-paper-synthesis,cancer-research-2023-36512628-reading.md,71,2026-10-02,"Only the specified article-supported models, modalities and endpoints; see evidence map and source alerts.",Section-language curation,synthetic-model,E07,
CANRES-36512628-INTAKE-20261002-E08,Cancer Research,2023,36512628,results,,immune mediation,dna-damage-repair;tumor-immunology;immunotherapy;preclinical-oncology,sentence-frame,synthetic,Depletion of [immune population] attenuated the tumor-control and survival effects of [combination].,mouse model and depletion specificity required,Fig.6H-I,single-paper-synthesis,cancer-research-2023-36512628-reading.md,72,2026-10-02,"Only the specified article-supported models, modalities and endpoints; see evidence map and source alerts.",Section-language curation,synthetic-model,E08,
CANRES-36512628-INTAKE-20261002-E09,Cancer Research,2023,36512628,discussion,,biochemical boundary,dna-damage-repair;tumor-immunology;immunotherapy;preclinical-oncology,sentence-frame,synthetic,"The findings support regulation of [signaling process], but do not identify the residue responsible for [post-translational modification].",no same-site displacement mechanism claim,Fig.3/Discussion,single-paper-synthesis,cancer-research-2023-36512628-reading.md,73,2026-10-02,"Only the specified article-supported models, modalities and endpoints; see evidence map and source alerts.",Section-language curation,synthetic-model,E09,
CANRES-36512628-INTAKE-20261002-E10,Cancer Research,2023,36512628,discussion,,paragraph logic,dna-damage-repair;tumor-immunology;immunotherapy;preclinical-oncology,paragraph-frame,synthetic,Connect [DNA-damage phenotype] to [signaling mechanism]; compare [monotherapy] with [combination]; preserve [negative survival result]; delimit [clinical generalizability].,do not conflate short-term burden and overall survival,Figs.2-6,single-paper-synthesis,cancer-research-2023-36512628-reading.md,74,2026-10-02,"Only the specified article-supported models, modalities and endpoints; see evidence map and source alerts.",Section-language curation,synthetic-model,E10,
CANRES-36512628-INTAKE-20261002-E11,Cancer Research,2023,36512628,conclusion,,translation,dna-damage-repair;tumor-immunology;immunotherapy;preclinical-oncology,sentence-frame,synthetic,These preclinical findings justify further evaluation of [combination] in [molecularly defined setting].,not a treatment recommendation or validated predictive biomarker,Discussion closing,single-paper-synthesis,cancer-research-2023-36512628-reading.md,75,2026-10-02,"Only the specified article-supported models, modalities and endpoints; see evidence map and source alerts.",Section-language curation,synthetic-model,E11,
cancer-research-40882030-TNG01,Cancer Research,2025,40882030,Abstract,,免疫增敏；必须注明model/patient层级，p1,preclinical;immunotherapy;targeted-therapy;transcriptomics,vocabulary,source-grounded,immune sensitization,免疫增敏；必须注明model/patient层级，p1,免疫增敏；必须注明model/patient层级，p1,single-paper-synthesis,cancer-research-2025-40882030-reading.md,80,2026-10-02,Article-specific evidence; scope varies across assays and models.,Section-language,conventional-term-or-collocation,,
cancer-research-40882030-TNG02,Cancer Research,2025,40882030,Abstract,,"摘要结果和结论分层，pp1,8-14",preclinical;immunotherapy;targeted-therapy;transcriptomics,sentence-frame,synthetic,"In [model], [combination] altered [immune feature] and reduced [tumor endpoint]; clinical efficacy remains to be established.","摘要结果和结论分层，pp1,8-14","摘要结果和结论分层，pp1,8-14",single-paper-synthesis,cancer-research-2025-40882030-reading.md,81,2026-10-02,Article-specific evidence; scope varies across assays and models.,Section-language,synthetic-model,,
cancer-research-40882030-TNG03,Cancer Research,2025,40882030,Introduction,,肿瘤细胞内在免疫逃逸，非仅bulk相关，pp1-2,preclinical;immunotherapy;targeted-therapy;transcriptomics,collocation,source-grounded,tumor-cell-intrinsic immune evasion,肿瘤细胞内在免疫逃逸，非仅bulk相关，pp1-2,肿瘤细胞内在免疫逃逸，非仅bulk相关，pp1-2,single-paper-synthesis,cancer-research-2025-40882030-reading.md,82,2026-10-02,Article-specific evidence; scope varies across assays and models.,Section-language,conventional-term-or-collocation,,
cancer-research-40882030-TNG04,Cancer Research,2025,40882030,Introduction,,从未满足需求到可检验问题，不宣称全部患者抵抗，pp1-2,preclinical;immunotherapy;targeted-therapy;transcriptomics,paragraph-frame,synthetic,Define [resistant subgroup]; identify [mechanistic gap]; justify [immune-dependent target-discovery strategy].,从未满足需求到可检验问题，不宣称全部患者抵抗，pp1-2,从未满足需求到可检验问题，不宣称全部患者抵抗，pp1-2,single-paper-synthesis,cancer-research-2025-40882030-reading.md,83,2026-10-02,Article-specific evidence; scope varies across assays and models.,Section-language,synthetic-model,,
cancer-research-40882030-TNG05,Cancer Research,2025,40882030,Materials and Methods,,"等基因敲除对照；KL/KP不是只差STK11，pp2,5",preclinical;immunotherapy;targeted-therapy;transcriptomics,vocabulary,source-grounded,isogenic knockout model,"等基因敲除对照；KL/KP不是只差STK11，pp2,5","等基因敲除对照；KL/KP不是只差STK11，pp2,5",single-paper-synthesis,cancer-research-2025-40882030-reading.md,84,2026-10-02,Article-specific evidence; scope varies across assays and models.,Section-language,conventional-term-or-collocation,,
cancer-research-40882030-TNG06,Cancer Research,2025,40882030,Materials and Methods,,"区分guide与gene及FDR，pp2,5-6",preclinical;immunotherapy;targeted-therapy;transcriptomics,collocation,source-grounded,FDR-adjusted guide depletion,"区分guide与gene及FDR，pp2,5-6","区分guide与gene及FDR，pp2,5-6",single-paper-synthesis,cancer-research-2025-40882030-reading.md,85,2026-10-02,Article-specific evidence; scope varies across assays and models.,Section-language,conventional-term-or-collocation,,
cancer-research-40882030-TNG07,Cancer Research,2025,40882030,Materials and Methods,,不能写成细胞靶点占有率，p3,preclinical;immunotherapy;targeted-therapy;transcriptomics,sentence-frame,synthetic,[Complexes] were isolated from [cells] and profiled across [concentrations] using [activity assay].,不能写成细胞靶点占有率，p3,不能写成细胞靶点占有率，p3,single-paper-synthesis,cancer-research-2025-40882030-reading.md,86,2026-10-02,Article-specific evidence; scope varies across assays and models.,Section-language,synthetic-model,,
cancer-research-40882030-TNG08,Cancer Research,2025,40882030,Materials and Methods,,"按可评估患者/检测分母报告，pp4-5,13",preclinical;immunotherapy;targeted-therapy;transcriptomics,vocabulary,source-grounded,paired pretreatment and on-treatment biopsies,"按可评估患者/检测分母报告，pp4-5,13","按可评估患者/检测分母报告，pp4-5,13",single-paper-synthesis,cancer-research-2025-40882030-reading.md,87,2026-10-02,Article-specific evidence; scope varies across assays and models.,Section-language,conventional-term-or-collocation,,
cancer-research-40882030-TNG09,Cancer Research,2025,40882030,Results,,复合物选择性，不是HDAC1绝对专一，pp7-8/Fig2,preclinical;immunotherapy;targeted-therapy;transcriptomics,collocation,source-grounded,complex-selective deacetylase inhibition,复合物选择性，不是HDAC1绝对专一，pp7-8/Fig2,复合物选择性，不是HDAC1绝对专一，pp7-8/Fig2,single-paper-synthesis,cancer-research-2025-40882030-reading.md,88,2026-10-02,Article-specific evidence; scope varies across assays and models.,Section-language,conventional-term-or-collocation,,
cancer-research-40882030-TNG10,Cancer Research,2025,40882030,Results,,阴性不等于排除全部非免疫作用，Fig3I-J,preclinical;immunotherapy;targeted-therapy;transcriptomics,sentence-frame,synthetic,"Activity was observed in [immune-intact model] but not in [immune-deficient comparator], supporting an immune-dependent component.",阴性不等于排除全部非免疫作用，Fig3I-J,阴性不等于排除全部非免疫作用，Fig3I-J,single-paper-synthesis,cancer-research-2025-40882030-reading.md,89,2026-10-02,Article-specific evidence; scope varies across assays and models.,Section-language,synthetic-model,,
cancer-research-40882030-TNG11,Cancer Research,2025,40882030,Results,,用cells/mm2而非患者缓解率，p14/Fig5,preclinical;immunotherapy;targeted-therapy;transcriptomics,collocation,source-grounded,increased intratumoral T-cell density,用cells/mm2而非患者缓解率，p14/Fig5,用cells/mm2而非患者缓解率，p14/Fig5,single-paper-synthesis,cancer-research-2025-40882030-reading.md,90,2026-10-02,Article-specific evidence; scope varies across assays and models.,Section-language,conventional-term-or-collocation,,
cancer-research-40882030-TNG12,Cancer Research,2025,40882030,Results,,占位分母必须真实，p13,preclinical;immunotherapy;targeted-therapy;transcriptomics,sentence-frame,synthetic,"Among [n] evaluable paired specimens, [marker] increased in [x]; this was a pharmacodynamic analysis.",占位分母必须真实，p13,占位分母必须真实，p13,single-paper-synthesis,cancer-research-2025-40882030-reading.md,91,2026-10-02,Article-specific evidence; scope varies across assays and models.,Section-language,synthetic-model,,
cancer-research-40882030-TNG13,Cancer Research,2025,40882030,Figure legend,,不把剂量组当独立随机比较，Fig5,preclinical;immunotherapy;targeted-therapy;transcriptomics,sentence-frame,synthetic,Lines connect matched [baseline] and [on-treatment] measurements; [symbol] denotes [specified test].,不把剂量组当独立随机比较，Fig5,不把剂量组当独立随机比较，Fig5,single-paper-synthesis,cancer-research-2025-40882030-reading.md,92,2026-10-02,Article-specific evidence; scope varies across assays and models.,Section-language,synthetic-model,,
cancer-research-40882030-TNG14,Cancer Research,2025,40882030,Discussion,,"仅给定暴露/模型，不转患者安全性，pp8,10",preclinical;immunotherapy;targeted-therapy;transcriptomics,collocation,source-grounded,preclinical therapeutic window,"仅给定暴露/模型，不转患者安全性，pp8,10","仅给定暴露/模型，不转患者安全性，pp8,10",single-paper-synthesis,cancer-research-2025-40882030-reading.md,93,2026-10-02,Article-specific evidence; scope varies across assays and models.,Section-language,conventional-term-or-collocation,,
cancer-research-40882030-TNG15,Cancer Research,2025,40882030,Discussion,,临床无单药对照，pp13-15,preclinical;immunotherapy;targeted-therapy;transcriptomics,sentence-frame,synthetic,"Although [target engagement] was demonstrated, the contribution of [individual component] cannot be isolated in this combination dataset.",临床无单药对照，pp13-15,临床无单药对照，pp13-15,single-paper-synthesis,cancer-research-2025-40882030-reading.md,94,2026-10-02,Article-specific evidence; scope varies across assays and models.,Section-language,synthetic-model,,
cancer-research-40882030-TNG16,Cancer Research,2025,40882030,Discussion,,避免从生物标志物跳到临床获益，pp13-15,preclinical;immunotherapy;targeted-therapy;transcriptomics,paragraph-frame,synthetic,"Link [screen hit] to [orthogonal pharmacology], integrate [mechanistic assays], then delimit [model genotype] and [clinical uncertainty].",避免从生物标志物跳到临床获益，pp13-15,避免从生物标志物跳到临床获益，pp13-15,single-paper-synthesis,cancer-research-2025-40882030-reading.md,95,2026-10-02,Article-specific evidence; scope varies across assays and models.,Section-language,synthetic-model,,
cancer-research-40882030-TNG17,Cancer Research,2025,40882030,Conclusion,,closing synthesis转化上限，pp14-15,preclinical;immunotherapy;targeted-therapy;transcriptomics,sentence-frame,synthetic,"These findings support evaluation of [strategy] in [defined population], without establishing comparative clinical benefit.",closing synthesis转化上限，pp14-15,closing synthesis转化上限，pp14-15,single-paper-synthesis,cancer-research-2025-40882030-reading.md,96,2026-10-02,Article-specific evidence; scope varies across assays and models.,Section-language,synthetic-model,,
cancer-research-33853830-MDS01,Cancer Research,2021,33853830,Abstract,,"G-MDSC，定义/门控需符合来源，pp1,5",preclinical;immunotherapy;transcriptomics;targeted-protein-assay,vocabulary,source-grounded,granulocytic myeloid-derived suppressor cells,"G-MDSC，定义/门控需符合来源，pp1,5","G-MDSC，定义/门控需符合来源，pp1,5",single-paper-synthesis,cancer-research-2021-33853830-reading.md,74,2026-10-02,Article-specific evidence; scope varies across assays and models.,Section-language,conventional-term-or-collocation,,
cancer-research-33853830-MDS02,Cancer Research,2021,33853830,Abstract,,不把mouse改patient，pp1-2,preclinical;immunotherapy;transcriptomics;targeted-protein-assay,sentence-frame,synthetic,"In [defined models], [perturbation] altered [immune mediator] and modified response to [combination].",不把mouse改patient，pp1-2,不把mouse改patient，pp1-2,single-paper-synthesis,cancer-research-2021-33853830-reading.md,75,2026-10-02,Article-specific evidence; scope varies across assays and models.,Section-language,synthetic-model,,
cancer-research-33853830-MDS03,Cancer Research,2021,33853830,Introduction,,机制问题，不替代功能证据，p2,preclinical;immunotherapy;transcriptomics;targeted-protein-assay,collocation,source-grounded,myeloid-mediated immunosuppression,机制问题，不替代功能证据，p2,机制问题，不替代功能证据，p2,single-paper-synthesis,cancer-research-2021-33853830-reading.md,76,2026-10-02,Article-specific evidence; scope varies across assays and models.,Section-language,conventional-term-or-collocation,,
cancer-research-33853830-MDS04,Cancer Research,2021,33853830,Introduction,,从现象到可证伪机制，p2,preclinical;immunotherapy;transcriptomics;targeted-protein-assay,paragraph-frame,synthetic,Describe [resistant genotype]; identify [candidate suppressive compartment]; test whether [functional intervention] changes treatment response.,从现象到可证伪机制，p2,从现象到可证伪机制，p2,single-paper-synthesis,cancer-research-2021-33853830-reading.md,77,2026-10-02,Article-specific evidence; scope varies across assays and models.,Section-language,synthetic-model,,
cancer-research-33853830-MDS05,Cancer Research,2021,33853830,Methods,,对照激酶活性，不等于临床missense，p3,preclinical;immunotherapy;transcriptomics;targeted-protein-assay,collocation,source-grounded,kinase-dead rescue construct,对照激酶活性，不等于临床missense，p3,对照激酶活性，不等于临床missense，p3,single-paper-synthesis,cancer-research-2021-33853830-reading.md,78,2026-10-02,Article-specific evidence; scope varies across assays and models.,Section-language,conventional-term-or-collocation,,
cancer-research-33853830-MDS06,Cancer Research,2021,33853830,Methods,,写清pool和生物学重复，p5,preclinical;immunotherapy;transcriptomics;targeted-protein-assay,collocation,source-grounded,pooled tumor-derived cells,写清pool和生物学重复，p5,写清pool和生物学重复，p5,single-paper-synthesis,cancer-research-2021-33853830-reading.md,79,2026-10-02,Article-specific evidence; scope varies across assays and models.,Section-language,conventional-term-or-collocation,,
cancer-research-33853830-MDS07,Cancer Research,2021,33853830,Methods,,真实比例及独立样本数，p5/Fig6G,preclinical;immunotherapy;transcriptomics;targeted-protein-assay,sentence-frame,synthetic,"[Sorted population] was cocultured with [responder cells] at [ratios], and proliferation was quantified by [assay].",真实比例及独立样本数，p5/Fig6G,真实比例及独立样本数，p5/Fig6G,single-paper-synthesis,cancer-research-2021-33853830-reading.md,80,2026-10-02,Article-specific evidence; scope varies across assays and models.,Section-language,synthetic-model,,
cancer-research-33853830-MDS08,Cancer Research,2021,33853830,Methods,,同背景再挑战，不自动证明特异性，p4/Fig7,preclinical;immunotherapy;transcriptomics;targeted-protein-assay,vocabulary,source-grounded,syngeneic rechallenge,同背景再挑战，不自动证明特异性，p4/Fig7,同背景再挑战，不自动证明特异性，p4/Fig7,single-paper-synthesis,cancer-research-2021-33853830-reading.md,81,2026-10-02,Article-specific evidence; scope varies across assays and models.,Section-language,conventional-term-or-collocation,,
cancer-research-33853830-MDS09,Cancer Research,2021,33853830,Results,,保留CCLE联合与单独阴性，p7,preclinical;immunotherapy;transcriptomics;targeted-protein-assay,sentence-frame,synthetic,The association was evident in [joint-genotype subset] but was not demonstrated for [single alteration] alone.,保留CCLE联合与单独阴性，p7,保留CCLE联合与单独阴性，p7,single-paper-synthesis,cancer-research-2021-33853830-reading.md,82,2026-10-02,Article-specific evidence; scope varies across assays and models.,Section-language,synthetic-model,,
cancer-research-33853830-MDS10,Cancer Research,2021,33853830,Results,,基于共培养功能，不仅细胞数，p10/Fig6G,preclinical;immunotherapy;transcriptomics;targeted-protein-assay,collocation,source-grounded,reduced T-cell suppressive capacity,基于共培养功能，不仅细胞数，p10/Fig6G,基于共培养功能，不仅细胞数，p10/Fig6G,single-paper-synthesis,cancer-research-2021-33853830-reading.md,83,2026-10-02,Article-specific evidence; scope varies across assays and models.,Section-language,conventional-term-or-collocation,,
cancer-research-33853830-MDS11,Cancer Research,2021,33853830,Results,,保留MNU/TMB背景，p8,preclinical;immunotherapy;transcriptomics;targeted-protein-assay,sentence-frame,synthetic,"Combination activity was observed in [modified model], whereas [parental model] remained unresponsive.",保留MNU/TMB背景，p8,保留MNU/TMB背景，p8,single-paper-synthesis,cancer-research-2021-33853830-reading.md,84,2026-10-02,Article-specific evidence; scope varies across assays and models.,Section-language,synthetic-model,,
cancer-research-33853830-MDS12,Cancer Research,2021,33853830,Figure legend,,CD45比例与每100肿瘤细胞不能互换，Figs3-6,preclinical;immunotherapy;transcriptomics;targeted-protein-assay,sentence-frame,synthetic,"Cell abundance is expressed relative to [specified denominator], with [pooling/repetition] reported separately.",CD45比例与每100肿瘤细胞不能互换，Figs3-6,CD45比例与每100肿瘤细胞不能互换，Figs3-6,single-paper-synthesis,cancer-research-2021-33853830-reading.md,85,2026-10-02,Article-specific evidence; scope varies across assays and models.,Section-language,synthetic-model,,
cancer-research-33853830-MDS13,Cancer Research,2021,33853830,Discussion,,不把ATRA机制普适化，pp11-13,preclinical;immunotherapy;transcriptomics;targeted-protein-assay,collocation,source-grounded,model-dependent antitumor immunity,不把ATRA机制普适化，pp11-13,不把ATRA机制普适化，pp11-13,single-paper-synthesis,cancer-research-2021-33853830-reading.md,86,2026-10-02,Article-specific evidence; scope varies across assays and models.,Section-language,conventional-term-or-collocation,,
cancer-research-33853830-MDS14,Cancer Research,2021,33853830,Discussion,,anti-Gr-1/ATRA多效性，pp11-13,preclinical;immunotherapy;transcriptomics;targeted-protein-assay,sentence-frame,synthetic,"The findings support a role for [cell population], although [intervention specificity] and [model context] limit attribution.",anti-Gr-1/ATRA多效性，pp11-13,anti-Gr-1/ATRA多效性，pp11-13,single-paper-synthesis,cancer-research-2021-33853830-reading.md,87,2026-10-02,Article-specific evidence; scope varies across assays and models.,Section-language,synthetic-model,,
cancer-research-33853830-MDS15,Cancer Research,2021,33853830,Discussion,,论证链而非复制段落，pp11-13,preclinical;immunotherapy;transcriptomics;targeted-protein-assay,paragraph-frame,synthetic,"Integrate [loss/rescue], [functional inhibition] and [negative comparator]; then distinguish [mechanistic support] from [clinical validation].",论证链而非复制段落，pp11-13,论证链而非复制段落，pp11-13,single-paper-synthesis,cancer-research-2021-33853830-reading.md,88,2026-10-02,Article-specific evidence; scope varies across assays and models.,Section-language,synthetic-model,,
cancer-research-33853830-MDS16,Cancer Research,2021,33853830,Conclusion,,不写established patient benefit，p13,preclinical;immunotherapy;transcriptomics;targeted-protein-assay,sentence-frame,synthetic,These preclinical results provide a rationale for testing [combination] in [defined setting].,不写established patient benefit，p13,不写established patient benefit，p13,single-paper-synthesis,cancer-research-2021-33853830-reading.md,89,2026-10-02,Article-specific evidence; scope varies across assays and models.,Section-language,synthetic-model,,
CR-34045189-01-INTAKE-20261002,Cancer Research,2021,34045189,abstract,,Abstract background,epigenetics;metabolomics;tumor-suppressor-biology;clinical-correlative;preclinical-oncology,vocabulary,source_grounded,functional LKB1 deficiency; methyl-donor availability,do not equate a signature with sequence mutation,p1,single-paper-synthesis,cancer-research-2021-34045189-reading.md,65,2026-10-02,Transcribed safe language from prior agent B reading; assay/genotype/treatment evidence boundaries preserved.,Section-indexed language and safe transfer,conventional-term-or-collocation,CR-34045189-01,Prior agent B writing resource; no new source recheck
CR-34045189-02-INTAKE-20261002,Cancer Research,2021,34045189,abstract,,Abstract methods,epigenetics;metabolomics;tumor-suppressor-biology;clinical-correlative;preclinical-oncology,sentence-frame,synthetic,We integrated [patient-level molecular profiles] with [defined perturbation models] to examine [epigenetic phenotype].,name actual assays and species,"pp1,3-7",single-paper-synthesis,cancer-research-2021-34045189-reading.md,66,2026-10-02,Transcribed safe language from prior agent B reading; assay/genotype/treatment evidence boundaries preserved.,Section-indexed language and safe transfer,synthetic-model,CR-34045189-02,Prior agent B writing resource; no new source recheck
CR-34045189-03-INTAKE-20261002,Cancer Research,2021,34045189,abstract,,Abstract results,epigenetics;metabolomics;tumor-suppressor-biology;clinical-correlative;preclinical-oncology,sentence-frame,synthetic,"[Functional class] was associated with [molecular phenotype], whereas [short-term perturbation] did not reproduce every feature of that state.",retain the key negative finding,pp8-11,single-paper-synthesis,cancer-research-2021-34045189-reading.md,67,2026-10-02,Transcribed safe language from prior agent B reading; assay/genotype/treatment evidence boundaries preserved.,Section-indexed language and safe transfer,synthetic-model,CR-34045189-03,Prior agent B writing resource; no new source recheck
CR-34045189-04-INTAKE-20261002,Cancer Research,2021,34045189,introduction,,Introduction,epigenetics;metabolomics;tumor-suppressor-biology;clinical-correlative;preclinical-oncology,collocation,source_grounded,maintenance methylation; repetitive-element transcription; pioneer transcription factor,conventional mechanism vocabulary,"pp2-3,11",single-paper-synthesis,cancer-research-2021-34045189-reading.md,68,2026-10-02,Transcribed safe language from prior agent B reading; assay/genotype/treatment evidence boundaries preserved.,Section-indexed language and safe transfer,conventional-term-or-collocation,CR-34045189-04,Prior agent B writing resource; no new source recheck
CR-34045189-05-INTAKE-20261002,Cancer Research,2021,34045189,introduction,,Introduction gap,epigenetics;metabolomics;tumor-suppressor-biology;clinical-correlative;preclinical-oncology,sentence-frame,synthetic,Whether observations from [one tissue/model] extend to [the studied human tumor] remains uncertain.,avoid universalizing cross-tumor mechanisms,"pp2,11-12",single-paper-synthesis,cancer-research-2021-34045189-reading.md,69,2026-10-02,Transcribed safe language from prior agent B reading; assay/genotype/treatment evidence boundaries preserved.,Section-indexed language and safe transfer,synthetic-model,CR-34045189-05,Prior agent B writing resource; no new source recheck
CR-34045189-06-INTAKE-20261002,Cancer Research,2021,34045189,methods,,Methods,epigenetics;metabolomics;tumor-suppressor-biology;clinical-correlative;preclinical-oncology,collocation,source_grounded,composite functional-status assignment; matched sequence background; within-patient replicate averaging,only if performed,"pp3-4,7",single-paper-synthesis,cancer-research-2021-34045189-reading.md,70,2026-10-02,Transcribed safe language from prior agent B reading; assay/genotype/treatment evidence boundaries preserved.,Section-indexed language and safe transfer,conventional-term-or-collocation,CR-34045189-06,Prior agent B writing resource; no new source recheck
CR-34045189-07-INTAKE-20261002,Cancer Research,2021,34045189,methods,,Methods,epigenetics;metabolomics;tumor-suppressor-biology;clinical-correlative;preclinical-oncology,sentence-frame,synthetic,Samples were assigned to [class] using [expression rule] together with [genomic criteria]; repeat specimens from the same patient were averaged before analysis.,"specify real thresholds, never invent them","pp3,7",single-paper-synthesis,cancer-research-2021-34045189-reading.md,71,2026-10-02,Transcribed safe language from prior agent B reading; assay/genotype/treatment evidence boundaries preserved.,Section-indexed language and safe transfer,synthetic-model,CR-34045189-07,Prior agent B writing resource; no new source recheck
CR-34045189-08-INTAKE-20261002,Cancer Research,2021,34045189,results,,Results,epigenetics;metabolomics;tumor-suppressor-biology;clinical-correlative;preclinical-oncology,vocabulary,source_grounded,differentially methylated loci; chromatin-bound fraction; relative spectral intensity,concentration and flux require separate evidence,"pp8-11,19,22",single-paper-synthesis,cancer-research-2021-34045189-reading.md,72,2026-10-02,Transcribed safe language from prior agent B reading; assay/genotype/treatment evidence boundaries preserved.,Section-indexed language and safe transfer,conventional-term-or-collocation,CR-34045189-08,Prior agent B writing resource; no new source recheck
CR-34045189-09-INTAKE-20261002,Cancer Research,2021,34045189,results,,Results negative,epigenetics;metabolomics;tumor-suppressor-biology;clinical-correlative;preclinical-oncology,sentence-frame,synthetic,"Although [clinical profiles] differed by [classification], [perturbation] did not significantly alter [surrogate endpoint] under the tested conditions.",nonsignificance is not equivalence,p8,single-paper-synthesis,cancer-research-2021-34045189-reading.md,73,2026-10-02,Transcribed safe language from prior agent B reading; assay/genotype/treatment evidence boundaries preserved.,Section-indexed language and safe transfer,synthetic-model,CR-34045189-09,Prior agent B writing resource; no new source recheck
CR-34045189-10-INTAKE-20261002,Cancer Research,2021,34045189,discussion,,Discussion,epigenetics;metabolomics;tumor-suppressor-biology;clinical-correlative;preclinical-oncology,sentence-frame,synthetic,"These findings connect [functional state] with [epigenetic phenotype], but do not establish the mechanism responsible for [intermediate change].",useful for mechanistically incomplete integration,p12,single-paper-synthesis,cancer-research-2021-34045189-reading.md,74,2026-10-02,Transcribed safe language from prior agent B reading; assay/genotype/treatment evidence boundaries preserved.,Section-indexed language and safe transfer,synthetic-model,CR-34045189-10,Prior agent B writing resource; no new source recheck
CR-34045189-11-INTAKE-20261002,Cancer Research,2021,34045189,discussion,,Discussion,epigenetics;metabolomics;tumor-suppressor-biology;clinical-correlative;preclinical-oncology,paragraph-frame,synthetic,State the patient association; contrast it with the perturbation result; explain model/tissue limitations; propose a discriminating experiment rather than a proven causal chain.,do not claim a completed experiment,pp11-12,single-paper-synthesis,cancer-research-2021-34045189-reading.md,75,2026-10-02,Transcribed safe language from prior agent B reading; assay/genotype/treatment evidence boundaries preserved.,Section-indexed language and safe transfer,synthetic-model,CR-34045189-11,Prior agent B writing resource; no new source recheck
CR-34045189-12-INTAKE-20261002,Cancer Research,2021,34045189,conclusion,,Conclusion/closing synthesis,epigenetics;metabolomics;tumor-suppressor-biology;clinical-correlative;preclinical-oncology,sentence-frame,synthetic,"[Molecular classification] may help frame future studies of [therapy], pending prospective evaluation of treatment-specific effects.","hypothesis, not a validated predictive biomarker",p12,single-paper-synthesis,cancer-research-2021-34045189-reading.md,76,2026-10-02,Transcribed safe language from prior agent B reading; assay/genotype/treatment evidence boundaries preserved.,Section-indexed language and safe transfer,synthetic-model,CR-34045189-12,Prior agent B writing resource; no new source recheck
CR-34045189-13-INTAKE-20261002,Cancer Research,2021,34045189,results,,Figure narrative,epigenetics;metabolomics;tumor-suppressor-biology;clinical-correlative;preclinical-oncology,sentence-frame,synthetic,"[Assay] showed lower [relative measurement] in [group], while [orthogonal assay] localized the difference to [compartment or locus].",match actual denominator and assay,Figures 2-4,single-paper-synthesis,cancer-research-2021-34045189-reading.md,77,2026-10-02,Transcribed safe language from prior agent B reading; assay/genotype/treatment evidence boundaries preserved.,Section-indexed language and safe transfer,synthetic-model,CR-34045189-13,Prior agent B writing resource; no new source recheck
