publication_year,journal,title,pmid,doi,pmcid,priority,scope,disease,domains,rationale_and_limits,official_category,category_status,category_source,eligibility,reading_status,included_in_corpus,stk11_highlight,fulltext_acquisition,publication_date_note,discovery_route,pubmed_url,doi_url,pmc_url,checked_on
2026,Clinical Cancer Research,The Impact of Concordance between Liquid and Tissue Biopsy for Actionable Mutations: Insights from the ROME Trial.,40833744,10.1158/1078-0432.ccr-25-0430,PMC12770931,P1,pan-cancer,晚期实体瘤；ROME试验,组织与液体活检;可干预改变一致性;NGS;分子匹配;随机试验亚组,适合检测一致/不一致的定义和分层治疗效果。总体试验随机化不使事后生物标志物亚组自动成为确证预测证据。,,pending_official_verification,,candidate_abstract_screened_scope_extension,metadata_and_abstract_screened_not_fulltext_read,false,false,not_acquired_in_this_batch,issue year when available; exact online-first date not independently verified,prior_candidate_queue_targeted_lookup,https://pubmed.ncbi.nlm.nih.gov/40833744/,https://doi.org/10.1158/1078-0432.ccr-25-0430,https://pmc.ncbi.nlm.nih.gov/articles/PMC12770931/,2026-09-23
2026,Clinical Cancer Research,Germline Pathogenic Variant Prediction Model for Tumor-Only Sequencing Based on Japanese Clinicogenomic Database.,41403154,10.1158/1078-0432.ccr-25-2985,,P1,pan-cancer,日本肿瘤基因检测队列,胚系与体细胞;肿瘤单样本测序;VAF;机器学习;列线图;决策曲线,适合变异层级风险预测、肿瘤纯度校正、模型区分度及外部数据验证。模型预测不能替代临床胚系确认；具体在线首发日期待核。,,pending_official_verification,,candidate_abstract_screened_scope_extension,metadata_and_abstract_screened_not_fulltext_read,false,false,not_acquired_in_this_batch,issue year when available; exact online-first date not independently verified,pubmed_omics_query_2026-09-23,https://pubmed.ncbi.nlm.nih.gov/41403154/,https://doi.org/10.1158/1078-0432.ccr-25-2985,,2026-09-23
2026,Clinical Cancer Research,Comprehensive Genomic and Transcriptomic Characterization of MTAP Loss across Advanced Solid Tumors.,42148883,10.1158/1078-0432.ccr-25-4936,PMC13430230,P1,pan-cancer,晚期实体瘤,基因组学;转录组;免疫去卷积;通路富集;共缺失;免疫治疗结局,学习基因缺失定义→共改变谱→转录及免疫背景→治疗结局的文章结构。MTAP/CDKN2A共缺失可作结构参照；观察性关联不能直接写成STK11预测疗效证据。,,pending_official_verification,,candidate_abstract_screened_scope_extension,metadata_and_abstract_screened_not_fulltext_read,false,false,not_acquired_in_this_batch,issue year when available; exact online-first date not independently verified,pubmed_omics_query_2026-09-23,https://pubmed.ncbi.nlm.nih.gov/42148883/,https://doi.org/10.1158/1078-0432.ccr-25-4936,https://pmc.ncbi.nlm.nih.gov/articles/PMC13430230/,2026-09-23
2026,Clinical Cancer Research,"The Genomic Landscape of MYC-, MYCL-, and MYCN-Amplified Solid Tumors.",42340371,10.1158/1078-0432.ccr-25-4102,,P1,pan-cancer,儿童及成人实体瘤,拷贝数;扩增局灶性;FACETS;共发生与互斥;表达关联,适合积累扩增阈值、局灶/广泛扩增、谱系差异和共改变的陈述。基因拷贝数与表达相关不等于功能依赖。,,pending_official_verification,,candidate_abstract_screened_scope_extension,metadata_and_abstract_screened_not_fulltext_read,false,false,not_acquired_in_this_batch,issue year when available; exact online-first date not independently verified,pubmed_omics_query_2026-09-23,https://pubmed.ncbi.nlm.nih.gov/42340371/,https://doi.org/10.1158/1078-0432.ccr-25-4102,,2026-09-23
2026,Clinical Cancer Research,Application of a Translational Research Platform to Unveil Efficacy Signals and Mechanisms of Resistance of FGFR Inhibitors in Multiple FGFR-Altered Solid Tumors.,42440358,10.1158/1078-0432.ccr-26-0300,,P1,pan-cancer,FGFR改变实体瘤,基因组学;转录组;蛋白组;功能注释;PDX;靶向耐药,适合跨层验证、基因/转录/蛋白不一致和耐药通路的表达。临床、蛋白检测、FACT及PDX属于不同证据层级，不能合并分母。,,pending_official_verification,,candidate_abstract_screened_scope_extension,metadata_and_abstract_screened_not_fulltext_read,false,false,not_acquired_in_this_batch,issue year when available; exact online-first date not independently verified,pubmed_omics_query_2026-09-23,https://pubmed.ncbi.nlm.nih.gov/42440358/,https://doi.org/10.1158/1078-0432.ccr-26-0300,,2026-09-23
2026,Clinical Cancer Research,Longitudinal Phenotyping of Circulating Tumor Cells using a Scalable Deep Learning Framework.,42611962,10.1158/1078-0432.ccr-26-0754,,P1,pan-cancer,六类癌症；具体瘤种待全文确认,循环肿瘤细胞;深度学习;单细胞图像分割;纵向表型;生存分析,学习训练与评估、潜在表征、单细胞性能和患者级纵向指标的区别。细胞数不能当作独立患者数；摘要所述验证范围仍需全文核查。,Research Briefs: Precision Medicine and Therapeutics,publisher_listing_verified_2026-09-23,https://aacrjournals.org/clincancerres/online-first,candidate_abstract_screened_scope_extension,metadata_and_abstract_screened_not_fulltext_read,false,false,not_acquired_in_this_batch,issue year when available; exact online-first date not independently verified,pubmed_omics_query_2026-09-23,https://pubmed.ncbi.nlm.nih.gov/42611962/,https://doi.org/10.1158/1078-0432.ccr-26-0754,,2026-09-23
2026,Clinical Cancer Research,Network-Integrated Platform for Clinical Trial Navigation from the New South Wales Early Phase Clinical Trials Alliance.,42484497,10.1158/1078-0432.ccr-26-0733,PMC13575553,P2,pan-cancer,晚期实体瘤,ctDNA;可干预改变;分子肿瘤委员会;试验匹配;精准医学,适合基因组结果转化路径和实施性结局。可干预改变、建议方案、真正接受分子匹配治疗与入组试验是不同终点。,,pending_official_verification,,candidate_abstract_screened_scope_extension,metadata_and_abstract_screened_not_fulltext_read,false,false,not_acquired_in_this_batch,issue year when available; exact online-first date not independently verified,pubmed_omics_query_2026-09-23,https://pubmed.ncbi.nlm.nih.gov/42484497/,https://doi.org/10.1158/1078-0432.ccr-26-0733,https://pmc.ncbi.nlm.nih.gov/articles/PMC13575553/,2026-09-23
2025,Clinical Cancer Research,Checkpoint Blockade Combinations in Tumor Mutational Burden/Load-High Tumors: Insights from the Atezolizumab + Bevacizumab and Nivolumab + Ipilimumab Cohorts in the Drug Rediscovery Protocol.,41032014,10.1158/1078-0432.ccr-25-2260,,P1,pan-cancer,TMB/TML高实体瘤；DRUP队列,WGS;RNA测序;TMB;TML;克隆性;免疫浸润;联合免疫治疗,补充平台依赖阈值、临床获益与ORR区别、组学相关性和持久应答。两个非随机治疗队列不能直接比较优效。,,pending_official_verification,,candidate_abstract_screened_scope_extension,metadata_and_abstract_screened_not_fulltext_read,false,false,not_acquired_in_this_batch,issue year when available; exact online-first date not independently verified,pubmed_omics_query_2026-09-23,https://pubmed.ncbi.nlm.nih.gov/41032014/,https://doi.org/10.1158/1078-0432.ccr-25-2260,,2026-09-23
2026,Clinical Cancer Research,Integrated Single-Cell and Spatial Analysis Reveals Context-Dependent Myeloid-T Cell Interactions in Response to Immune Checkpoint Blockade in Head and Neck Cancer.,41837744,10.1158/1078-0432.ccr-25-2300,PMC13093465,P1,cross-tumor-methods,头颈鳞癌,单细胞;空间转录组;空间蛋白;Visium;CosMx;邻域;配体受体,优先积累空间共定位、细胞邻域、多模态整合和ICB应答相关表达。空间邻近或计算推断不能直接证明细胞通信机制；不作为NSCLC疗效证据。,,pending_official_verification,,candidate_abstract_screened_scope_extension,metadata_and_abstract_screened_not_fulltext_read,false,false,not_acquired_in_this_batch,issue year when available; exact online-first date not independently verified,pubmed_omics_query_2026-09-23,https://pubmed.ncbi.nlm.nih.gov/41837744/,https://doi.org/10.1158/1078-0432.ccr-25-2300,https://pmc.ncbi.nlm.nih.gov/articles/PMC13093465/,2026-09-23
2026,Clinical Cancer Research,Predictors of Immune Checkpoint Blockade Response in dMMR Colorectal Cancer Using an Integrated Immune-Enhanced Multiomics Platform.,41995725,10.1158/1078-0432.ccr-25-3711,PMC13185005,P1,cross-tumor-methods,dMMR结直肠癌,外显子组;转录组;MSI;TCR与BCR;HLA;免疫耗竭;Cox模型,适合抗原负荷与克隆性、免疫受体多样性、多组学关联和连续/分组变量表达。小样本探索性治疗队列不等于已验证预测标志物。,,pending_official_verification,,candidate_abstract_screened_scope_extension,metadata_and_abstract_screened_not_fulltext_read,false,false,not_acquired_in_this_batch,issue year when available; exact online-first date not independently verified,pubmed_omics_query_2026-09-23,https://pubmed.ncbi.nlm.nih.gov/41995725/,https://doi.org/10.1158/1078-0432.ccr-25-3711,https://pmc.ncbi.nlm.nih.gov/articles/PMC13185005/,2026-09-23
2026,Clinical Cancer Research,"Clinical, genomic, and spatial transcriptomic features of pancreatic adenosquamous carcinoma support subtype-specific therapeutic strategies.",42599153,10.1158/1078-0432.ccr-25-2699,,P1,cross-tumor-methods,胰腺腺鳞癌,临床基因组学;空间转录组;Visium;区域异质性;共定位,适合临床队列→大数据库→空间小样本的叙述，以及鳞状/腺体区域对比。患者、肿瘤和空间观测单位必须分开。,,pending_official_verification,,candidate_abstract_screened_scope_extension,metadata_and_abstract_screened_not_fulltext_read,false,false,not_acquired_in_this_batch,issue year when available; exact online-first date not independently verified,pubmed_omics_query_2026-09-23,https://pubmed.ncbi.nlm.nih.gov/42599153/,https://doi.org/10.1158/1078-0432.ccr-25-2699,,2026-09-23
2026,Clinical Cancer Research,Proteogenomic profiling identifies FGFR2b as a prevalent cell-surface target in intrahepatic cholangiocarcinoma.,42611968,10.1158/1078-0432.ccr-25-4993,,P1,cross-tumor-methods,肝内胆管癌,异构体分辨蛋白基因组学;转录组;表面蛋白组;计算翻译;IHC,补充剪接异构体、特异肽段、跨数据库筛选及正交验证的语言。FGFR2基因层级与FGFR2b异构体层级不能互换。,,pending_official_verification,,candidate_abstract_screened_scope_extension,metadata_and_abstract_screened_not_fulltext_read,false,false,not_acquired_in_this_batch,issue year when available; exact online-first date not independently verified,pubmed_omics_query_2026-09-23,https://pubmed.ncbi.nlm.nih.gov/42611968/,https://doi.org/10.1158/1078-0432.ccr-25-4993,,2026-09-23
2026,Clinical Cancer Research,Microsatellite Instability Identifies a Rare but Clinically Relevant Subset of Sarcomas: Insights from the Largest Clinically Sequenced Cohort with Therapeutic Implications.,42531431,10.1158/1078-0432.ccr-26-1376,,P2,cross-tumor-methods,骨及软组织肉瘤,MSI;TMB;MMR;共改变;突变特征;靶向NGS;罕见亚组,适合稀有分子亚型、肿瘤数/患者数分母、共改变及小样本ICI结局的描述。不能将泛癌获益或亚型富集写成所有肉瘤的统一疗效。,Translational Mechanisms and Therapy,publisher_listing_verified_2026-09-23,https://aacrjournals.org/clincancerres/online-first,candidate_abstract_screened_scope_extension,metadata_and_abstract_screened_not_fulltext_read,false,false,not_acquired_in_this_batch,issue year when available; exact online-first date not independently verified,pubmed_omics_query_2026-09-23,https://pubmed.ncbi.nlm.nih.gov/42531431/,https://doi.org/10.1158/1078-0432.ccr-26-1376,,2026-09-23
2025,Clinical Cancer Research,"Genomic, Epigenomic, and Transcriptomic Inter- and Intratumor Heterogeneity in Desmoid Tumors.",39513940,10.1158/1078-0432.ccr-24-1240,PMC11701430,P1,cross-tumor-methods,硬纤维瘤,基因组;DNA甲基化;拷贝数;转录组;多区域采样;肿瘤内异质性,补充样本内与患者间变异、复发配对和特征稳健性描述。多区域标本不增加独立患者数量，单点活检代表性需限定。,,pending_official_verification,,candidate_abstract_screened_scope_extension,metadata_and_abstract_screened_not_fulltext_read,false,false,not_acquired_in_this_batch,issue year when available; exact online-first date not independently verified,pubmed_omics_query_2026-09-23,https://pubmed.ncbi.nlm.nih.gov/39513940/,https://doi.org/10.1158/1078-0432.ccr-24-1240,https://pmc.ncbi.nlm.nih.gov/articles/PMC11701430/,2026-09-23
2025,Clinical Cancer Research,"Spatially Resolved, Multiregion Proteomics for Prediction of Immunotherapy Outcome in Deficient Mismatch Repair Metastatic Colorectal Cancer.",39969975,10.1158/1078-0432.ccr-24-0853,PMC12063740,P1,cross-tumor-methods,dMMR转移性结直肠癌,空间蛋白组;GeoMx;单细胞再分析;多重比较;多变量Cox,优先补充区域分割、蛋白丰度、BH校正与生存模型的表述。标记面板空间蛋白检测不是无偏全蛋白质组，ROI不是独立患者。,Translational Cancer Mechanisms and Therapy,publisher_listing_verified_2026-09-23,https://aacrjournals.org/clincancerres/article-pdf/doi/10.1158/1078-0432.CCR-24-0853/3557779/ccr-24-0853.pdf,candidate_abstract_screened_scope_extension,metadata_and_abstract_screened_not_fulltext_read,false,false,not_acquired_in_this_batch,issue year when available; exact online-first date not independently verified,pubmed_omics_query_2026-09-23,https://pubmed.ncbi.nlm.nih.gov/39969975/,https://doi.org/10.1158/1078-0432.ccr-24-0853,https://pmc.ncbi.nlm.nih.gov/articles/PMC12063740/,2026-09-23
2025,Clinical Cancer Research,A Proteogenomic View of Synchronous Endometrioid Endometrial and Ovarian Cancer.,40145935,10.1158/1078-0432.ccr-24-1763,PMC12203618,P1,cross-tumor-methods,同步子宫内膜样子宫内膜及卵巢癌,蛋白基因组学;靶向测序;质谱蛋白组;肿瘤与间质;克隆相关性,补充同源肿瘤、区室分辨质谱、跨组学分类器的语言。克隆相关性、转移方向推断与预测模型验证需要分别表达。,,pending_official_verification,,candidate_abstract_screened_scope_extension,metadata_and_abstract_screened_not_fulltext_read,false,false,not_acquired_in_this_batch,issue year when available; exact online-first date not independently verified,pubmed_omics_query_2026-09-23,https://pubmed.ncbi.nlm.nih.gov/40145935/,https://doi.org/10.1158/1078-0432.ccr-24-1763,https://pmc.ncbi.nlm.nih.gov/articles/PMC12203618/,2026-09-23
2025,Clinical Cancer Research,Integrated Metabolomics and Spatial Transcriptomics of Cystic Pancreatic Cancer Precursors Reveals Dysregulated Polyamine Metabolism as a Biomarker of Progression.,40184234,10.1158/1078-0432.ccr-24-2931,PMC12165819,P1,cross-tumor-methods,胰腺IPMN癌前病变,代谢组;空间转录组;单细胞;通路富集;组合标志物;风险分层,适合代谢物→通路→空间来源→组合检测性能的文章结构。差异代谢物、富集通路及诊断敏感度采用不同统计比较。,,pending_official_verification,,candidate_abstract_screened_scope_extension,metadata_and_abstract_screened_not_fulltext_read,false,false,not_acquired_in_this_batch,issue year when available; exact online-first date not independently verified,pubmed_omics_query_2026-09-23,https://pubmed.ncbi.nlm.nih.gov/40184234/,https://doi.org/10.1158/1078-0432.ccr-24-2931,https://pmc.ncbi.nlm.nih.gov/articles/PMC12165819/,2026-09-23
2025,Clinical Cancer Research,Genomic and Immune Landscape of Pancreatic Ductal Adenocarcinoma Associated with Germline Pathogenic Variants in ATM.,40828413,10.1158/1078-0432.ccr-24-4120,PMC12500237,P1,cross-tumor-methods,胚系ATM致病变异相关胰腺导管腺癌,WGS;WES;RNA测序;双等位基因失活;突变特征;CODEX;表达特征,适合基因改变→共突变→转录亚型→免疫空间的结构参照。不是此前NSCLC ATM重点文献，不能将胚系PDAC结论移植到STK11肺癌。,,pending_official_verification,,candidate_abstract_screened_scope_extension,metadata_and_abstract_screened_not_fulltext_read,false,false,not_acquired_in_this_batch,issue year when available; exact online-first date not independently verified,pubmed_omics_query_2026-09-23,https://pubmed.ncbi.nlm.nih.gov/40828413/,https://doi.org/10.1158/1078-0432.ccr-24-4120,https://pmc.ncbi.nlm.nih.gov/articles/PMC12500237/,2026-09-23
2025,Clinical Cancer Research,Artificial Intelligence Algorithm Predicts Response to Immune Checkpoint Inhibitors.,40553453,10.1158/1078-0432.ccr-24-3720,PMC12351278,P2,cross-tumor-methods,黑色素瘤,数字病理;监督与自监督学习;多队列评估;AUC;生存分层,作为生物信息学/统计写作延伸，学习训练、泛化、临床试验队列验证及组织形态特征。不是直接测量多组学，也不是肺癌研究。,,pending_official_verification,,candidate_abstract_screened_scope_extension,metadata_and_abstract_screened_not_fulltext_read,false,false,not_acquired_in_this_batch,issue year when available; exact online-first date not independently verified,pubmed_omics_query_2026-09-23,https://pubmed.ncbi.nlm.nih.gov/40553453/,https://doi.org/10.1158/1078-0432.ccr-24-3720,https://pmc.ncbi.nlm.nih.gov/articles/PMC12351278/,2026-09-23
