entry_id,journal,publication_year,source_article_ids,primary_section,secondary_sections,function,domain,unit_type,evidence_tier,expression,usage_constraint,source_locator,provenance_granularity,source_asset,source_line,catalog_version,domain_basis,source_heading,reuse_status
ESMO-32312757-001,ESMO Open,2020,32312757,Methods,,state the non-random evidence design,stk11;lung-cancer,collocation,source-grounded,observational real-world cohort,Use only for routinely collected observational data; do not imply randomized allocation.,physical pages 1-2,single-paper-synthesis,esmo-open-2020-32312757-language.md,9,2026-10-02,Article-specific source-grounded STK11 evidence.,Language-retention note,conventional-term-or-collocation
ESMO-32312757-002,ESMO Open,2020,32312757,Methods,,describe linkage of longitudinal clinical and tumor genomic records,stk11;lung-cancer,vocabulary,source-grounded,clinico-genomic database,Use only when clinical records are explicitly linked to genomic testing data.,physical page 2,single-paper-synthesis,esmo-open-2020-32312757-language.md,10,2026-10-02,Article-specific source-grounded STK11 evidence.,Language-retention note,conventional-term-or-collocation
ESMO-32312757-003,ESMO Open,2020,32312757,Methods,,name the formal test of effect modification,stk11;lung-cancer,collocation,source-grounded,treatment-by-biomarker interaction,Reserve for a model containing an interaction term; subgroup-specific significance is insufficient.,physical pages 2 and 4-5,single-paper-synthesis,esmo-open-2020-32312757-language.md,11,2026-10-02,Article-specific source-grounded STK11 evidence.,Language-retention note,conventional-term-or-collocation
ESMO-32312757-004,ESMO Open,2020,32312757,Results,,report a negative interaction without asserting equivalence,stk11;lung-cancer,collocation,source-grounded,no observable treatment interaction,"Pair with the interaction estimate, confidence interval, and power limitations.","physical pages 4-5, Figures 1-2",single-paper-synthesis,esmo-open-2020-32312757-language.md,12,2026-10-02,Article-specific source-grounded STK11 evidence.,Language-retention note,conventional-term-or-collocation
ESMO-32312757-005,ESMO Open,2020,32312757,Discussion,,calibrate an across-treatment outcome association,stk11;lung-cancer,collocation,source-grounded,adverse prognostic association,Do not convert association into causation or treatment-specific resistance.,physical pages 4-5,single-paper-synthesis,esmo-open-2020-32312757-language.md,13,2026-10-02,Article-specific source-grounded STK11 evidence.,Language-retention note,conventional-term-or-collocation
ESMO-32312757-006,ESMO Open,2020,32312757,Results,,describe two alterations observed in the same tumors,stk11;lung-cancer,vocabulary,source-grounded,co-occurring alterations,Co-occurrence alone does not establish synergy.,physical pages 3-5,single-paper-synthesis,esmo-open-2020-32312757-language.md,14,2026-10-02,Article-specific source-grounded STK11 evidence.,Language-retention note,conventional-term-or-collocation
ESMO-32312757-007,ESMO Open,2020,32312757,Results,,separate an overall prognostic signal from prediction,stk11;lung-cancer,sentence-frame,source-grounded,"[Biomarker] alterations were associated with poorer [endpoint] across treatment classes, whereas the biomarker-by-treatment interaction was not statistically supported.",Fill with reported endpoint-specific estimates and avoid saying that the treatments are equivalent.,"physical pages 4-5, Figures 1-2",single-paper-synthesis,esmo-open-2020-32312757-language.md,18,2026-10-02,Article-specific source-grounded STK11 evidence.,Language-retention note,synthetic-model
ESMO-32312757-008,ESMO Open,2020,32312757,Discussion,,synthesize directionally similar associations across regimens,stk11;lung-cancer,sentence-frame,source-grounded,"Taken together, the cross-regimen pattern is more consistent with a prognostic association than with treatment-specific prediction.",Use only when formal interaction testing is absent or negative and state that uncertainty remains.,physical pages 4-5,single-paper-synthesis,esmo-open-2020-32312757-language.md,20,2026-10-02,Article-specific source-grounded STK11 evidence.,Language-retention note,synthetic-model
ESMO-32312757-009,ESMO Open,2020,32312757,Discussion,,define the inferential ceiling of a negative interaction test,stk11;lung-cancer,sentence-frame,source-grounded,A non-significant interaction should not be interpreted as proof of equivalence or as exclusion of a modest effect modifier.,"Use as an interpretive caution, especially when subgroup sizes or power are limited.",physical pages 4-5,single-paper-synthesis,esmo-open-2020-32312757-language.md,22,2026-10-02,Article-specific source-grounded STK11 evidence.,Language-retention note,synthetic-model
ESMO-32312757-010,ESMO Open,2020,32312757,Results,,organize a biomarker results paragraph without a subgroup-significance fallacy,stk11;lung-cancer,paragraph-model,source-grounded,frequency and baseline imbalance → within-regimen associations → formal interaction → calibrated prognostic interpretation,Preserve the order and identify union versus gene-specific analyses explicitly.,"physical pages 3-5, Table 1 and Figures 1-2",single-paper-synthesis,esmo-open-2020-32312757-language.md,39,2026-10-02,Article-specific source-grounded STK11 evidence.,Language-retention note,synthetic-model
