pmid,year,journal,title,doi,source_pdf,supplied_pdf_version,sha256,physical_pages,retained_version_count,completed_on,reading_stage,review_status,supplement_status,supplement_scope,language_asset,new_language_entries,stk11_highlight,classification_basis
36240971,2023,Journal of Thoracic Oncology,Targeting NFE2L2/KEAP1 Mutations in Advanced NSCLC With the TORC1/2 Inhibitor TAK-228.,10.1016/j.jtho.2022.09.225,Paik_Targeting_NFE2L2_KEAP1_Mutations_in_Advanced_NSCLC_W_PMID36240971_typeset.pdf,publisher_typeset_pdf,7e72b519a8553658fcd79a1ec730d98140fe047de536ae303d0b98a0013cee6a,11,1,2026-09-28,main_text_deep_read_complete,not_reviewed,not_supplied,Separately cited supplementary files not supplied or reviewed,jto-2023-36240971-language.md,29,no,curated content topics; not a verified official JTO section
36494075,2023,Journal of Thoracic Oncology,Molecular Biomarkers of Disease Outcomes and Mechanisms of Acquired Resistance to First-Line Osimertinib in Advanced EGFR-Mutant Lung Cancers.,10.1016/j.jtho.2022.11.022,Choudhury_Molecular_Biomarkers_of_Disease_Outcomes_and_Mechani_PMID36494075_typeset.pdf,publisher_typeset_pdf,e73bce75e0bce8d13dd49a461131334535e9e3fcab9b36426c21cec6a09529d8,13,1,2026-09-28,main_text_deep_read_complete,not_reviewed,not_supplied,Separately cited supplementary files not supplied or reviewed,jto-2023-36494075-language.md,28,no,curated content topics; not a verified official JTO section
36775193,2023,Journal of Thoracic Oncology,Clinicopathologic and Genomic Factors Impacting Efficacy of First-Line Chemoimmunotherapy in Advanced NSCLC.,10.1016/j.jtho.2023.01.091,Alessi_Clinicopathologic_and_Genomic_Factors_Impacting_Effi_PMID36775193_typeset.pdf,publisher_typeset_pdf,bf807ebc10ee26e9c5615fc2287c5c02f9b8fb1af2d4775678f0865860b6bfd3,13,2,2026-09-28,main_text_deep_read_complete,not_reviewed,not_supplied,Separately cited supplementary files not supplied or reviewed,jto-2023-36775193-language.md,25,no,curated content topics; not a verified official JTO section
36958689,2023,Journal of Thoracic Oncology,"Histone Deacetylase 6 Inhibition Exploits Selective Metabolic Vulnerabilities in LKB1 Mutant, KRAS Driven NSCLC.",10.1016/j.jtho.2023.03.014,Zhang_Histone_Deacetylase_6_Inhibition_Exploits_Selective_PMID36958689_typeset.pdf,publisher_typeset_pdf,f339bfcd0b44ea5b41bb989d0ff722317711f5a0e6769f9016399f6eb2c75627,14,1,2026-09-28,main_text_deep_read_complete,not_reviewed,not_supplied,Separately cited supplementary files not supplied or reviewed,jto-2023-36958689-language.md,24,no,curated content topics; not a verified official JTO section
37182602,2023,Journal of Thoracic Oncology,Combination Therapy With MDM2 and MEK Inhibitors Is Effective in Patient-Derived Models of Lung Adenocarcinoma With Concurrent Oncogenic Drivers and MDM2 Amplification.,10.1016/j.jtho.2023.05.007,Elkrief_Combination_Therapy_With_MDM2_and_MEK_Inhibitors_Is_PMID37182602_typeset.pdf,publisher_typeset_pdf,c3904af5cf55ae95ae3d04c1725e6b6fb57d70b48e163444ea5fbfdd84d5ef4a,19,1,2026-09-28,main_text_deep_read_complete,not_reviewed,not_supplied,Separately cited supplementary files not supplied or reviewed,jto-2023-37182602-language.md,24,no,curated content topics; not a verified official JTO section
37543207,2023,Journal of Thoracic Oncology,Clinicogenomic Features and Targetable Mutations in NSCLCs Harboring BRAF Non-V600E Mutations: A Multi-Institutional Genomic Screening Study (LC-SCRUM-Asia).,10.1016/j.jtho.2023.07.024,Sakai_Clinicogenomic_Features_and_Targetable_Mutations_in_PMID37543207_typeset.pdf,publisher_typeset_pdf,cc3f2ab6f5eb92ce22409470e3f64d8aa0925059ebc980392724b6a9349ae9e0,12,1,2026-09-28,main_text_deep_read_complete,not_reviewed,not_supplied,Separately cited supplementary files not supplied or reviewed,jto-2023-37543207-language.md,21,no,curated content topics; not a verified official JTO section
37572870,2024,Journal of Thoracic Oncology,Impact of Concurrent Genomic Alterations on Clinical Outcomes in Patients With ALK-Rearranged NSCLC.,10.1016/j.jtho.2023.08.007,Lara-Mejia_Impact_of_Concurrent_Genomic_Alterations_on_Clinical_PMID37572870_typeset.pdf,publisher_typeset_pdf,2b99bd5bc9bde42e474cf8a3cc774c23c67ef012c2f492b2b588ed04f37769a5,11,1,2026-09-28,main_text_deep_read_complete,not_reviewed,not_supplied,Separately cited supplementary files not supplied or reviewed,jto-2024-37572870-language.md,23,no,curated content topics; not a verified official JTO section
37806385,2024,Journal of Thoracic Oncology,Co-Occurring Alterations in Multiple Tumor Suppressor Genes Are Associated With Worse Outcomes in Patients With EGFR-Mutant Lung Cancer.,10.1016/j.jtho.2023.10.001,Stockhammer_Co_Occurring_Alterations_in_Multiple_Tumor_Suppresso_PMID37806385_typeset.pdf,publisher_typeset_pdf,d77d4de8fb117434af35201d5c32afad35a623c9b4e6b82795560b77ccf8677f,12,1,2026-09-28,main_text_deep_read_complete,not_reviewed,not_supplied,Separately cited supplementary files not supplied or reviewed,jto-2024-37806385-language.md,26,no,curated content topics; not a verified official JTO section
37838086,2024,Journal of Thoracic Oncology,"Microsatellite Instability and Mismatch Repair Deficiency Define a Distinct Subset of Lung Cancers Characterized by Smoking Exposure, High Tumor Mutational Burden, and Recurrent Somatic MLH1 Inactivation.",10.1016/j.jtho.2023.10.004,Yang_Microsatellite_Instability_and_Mismatch_Repair_Defic_PMID37838086_typeset.pdf,publisher_typeset_pdf,4eb4162db0892459962b3dde3c34a1184eb6fa8a84fda9cf449ef9ae0f52b5e6,16,1,2026-09-28,main_text_deep_read_complete,not_reviewed,not_supplied,Separately cited supplementary files not supplied or reviewed,jto-2024-37838086-language.md,31,no,curated content topics; not a verified official JTO section
38096950,2024,Journal of Thoracic Oncology,Outcome of First-Line Treatment With Pembrolizumab According to KRAS/TP53 Mutational Status for Nonsquamous Programmed Death-Ligand 1-High (≥50%) NSCLC in the German National Network Genomic Medicine Lung Cancer.,10.1016/j.jtho.2023.12.015,Bischoff_Outcome_of_First_Line_Treatment_With_Pembrolizumab_A_PMID38096950_typeset.pdf,publisher_typeset_pdf,248379ea76d471707e9fd6f5cde6d736773c81cac845230df48c143341e9a759,15,1,2026-09-28,main_text_deep_read_complete,not_reviewed,not_supplied,Separately cited supplementary files not supplied or reviewed,jto-2024-38096950-language.md,22,no,curated content topics; not a verified official JTO section
38154514,2024,Journal of Thoracic Oncology,Prevalence and Therapeutic Targeting of High-Level ERBB2 Amplification in NSCLC.,10.1016/j.jtho.2023.12.019,Odintsov_Prevalence_and_Therapeutic_Targeting_of_High_Level_E_PMID38154514_typeset.pdf,publisher_typeset_pdf,2de830bbb15e5dcf6f8ad3f4019ce6894d7720464565280eead79e9b2b5289d0,17,1,2026-09-28,main_text_deep_read_complete,not_reviewed,not_supplied,Separately cited supplementary files not supplied or reviewed,jto-2024-38154514-language.md,22,no,curated content topics; not a verified official JTO section
39111731,2024,Journal of Thoracic Oncology,Lung-MAP Next-Generation Sequencing Analysis of Advanced Squamous Cell Lung Cancers (SWOG S1400).,10.1016/j.jtho.2024.07.024,Kozono_Lung_MAP_Next_Generation_Sequencing_Analysis_of_Adva_PMID39111731_typeset.pdf,publisher_typeset_pdf,ffecd0035b09ec759151af6e120c10cb59b708df8312ae4192ff3e4eddf9f755,12,1,2026-09-28,main_text_deep_read_complete,not_reviewed,not_supplied,Separately cited supplementary files not supplied or reviewed,jto-2024-39111731-language.md,27,no,curated content topics; not a verified official JTO section
39694414,2025,Journal of Thoracic Oncology,"Decoding the Clinical and Molecular Signatures of EGFR Common, Compound, and Uncommon Mutations in NSCLC: A Brief Report.",10.1016/j.jtho.2024.12.012,Tavernari_Decoding_the_Clinical_and_Molecular_Signatures_of_EG_PMID39694414_typeset.pdf,publisher_typeset_pdf,cd0e3b03d6b6df0ea929fac56221edec0a665df3a6a3ac11cfb6d4e7728a354e,7,1,2026-09-28,main_text_deep_read_complete,not_reviewed,not_supplied,Separately cited supplementary files not supplied or reviewed,jto-2025-39694414-language.md,35,no,curated content topics; not a verified official JTO section
40320171,2025,Journal of Thoracic Oncology,Overall Survival in EGFR-Mutant Advanced NSCLC Treated With First-Line Osimertinib: A Cohort Study Integrating Clinical and Biomarker Data in the United States.,10.1016/j.jtho.2025.04.010,Sabari_Overall_Survival_in_EGFR_Mutant_Advanced_NSCLC_Treat_PMID40320171_typeset.pdf,publisher_typeset_pdf,7664d80dd323588e58dd74dd1fc297846c55cea84c74262d66c9e733b7e8cb66,11,1,2026-09-28,main_text_deep_read_complete,not_reviewed,not_supplied,Separately cited supplementary files not supplied or reviewed,jto-2025-40320171-language.md,33,no,curated content topics; not a verified official JTO section
40518016,2025,Journal of Thoracic Oncology,Targeting WEE1 to Overcome ARID1A Mutation-Driven Osimertinib Resistance in EGFR-Mutant Lung Cancer.,10.1016/j.jtho.2025.06.007,Fukuda_Targeting_WEE1_to_Overcome_ARID1A_Mutation_Driven_Os_PMID40518016_typeset.pdf,publisher_typeset_pdf,563253bc65b1e9794f779f0f69c70c759436032b970060bd37834402dfaa635e,16,1,2026-09-28,main_text_deep_read_complete,not_reviewed,not_supplied,Separately cited supplementary files not supplied or reviewed,jto-2025-40518016-language.md,22,no,curated content topics; not a verified official JTO section
41161592,2026,Journal of Thoracic Oncology,Neoadjuvant Immunochemotherapy in Resectable NSCLC With SMARCA4 Alterations.,10.1016/j.jtho.2025.10.013,Peng_Neoadjuvant_Immunochemotherapy_in_Resectable_NSCLC_W_PMID41161592_typeset.pdf,publisher_typeset_pdf,4646c98d563828f705279e4e0df6629acd527fe10881552161133ea3cdc28e25,9,1,2026-09-28,main_text_deep_read_complete,not_reviewed,not_supplied,Separately cited supplementary files not supplied or reviewed,jto-2026-41161592-language.md,37,no,curated content topics; not a verified official JTO section
41260457,2026,Journal of Thoracic Oncology,Clinical Significance of MTAP Deletions and Their Overlap With Concurrent Oncogenic Driver Alterations Including EGFR in NSCLC.,10.1016/j.jtho.2025.11.010,Ross_Clinical_Significance_of_MTAP_Deletions_and_Their_Ov_PMID41260457_typeset.pdf,publisher_typeset_pdf,29ff48f1129b4b850246762d0d739414be3609f41ee97962d8330cbfcc8f57d5,12,1,2026-09-28,main_text_deep_read_complete,not_reviewed,not_supplied,Separately cited supplementary files not supplied or reviewed,jto-2026-41260457-language.md,39,no,curated content topics; not a verified official JTO section
41903702,2026,Journal of Thoracic Oncology,"Molecular Profiling Across 80,000 Patients With Lung Cancer.",10.1016/j.jtho.2026.103695,Russo_Molecular_Profiling_Across_80_000_Patients_With_Lung_PMID41903702_preproof.pdf,journal_preproof,5bf50107ba99641871f57f5e6a3cbdf1ee9339195495c3cda5d4cca3464a5f4d,22,1,2026-09-28,main_text_deep_read_complete,not_reviewed,reviewed,Embedded Tables S1-S3 and Figures S1-S2 reviewed in this supplied PDF only; external files not reviewed,jto-2026-41903702-language.md,21,no,curated content topics; not a verified official JTO section
42749051,2026,Journal of Thoracic Oncology,Integrated multi-omic profiling enables recurrence risk stratification beyond pathological stage in resected EGFR-mutant lung adenocarcinoma.,10.1016/j.jtho.2026.104204,Saw_Integrated_multi_omic_profiling_enables_recurrence_r_PMID42749051_preproof.pdf,journal_preproof,2d579bb3ccb94d964b1cc7da70c3e9a9440986103860860a0b4ce4e78878e951,28,1,2026-09-28,main_text_deep_read_complete,not_reviewed,not_supplied,Separately cited supplementary files not supplied or reviewed,jto-2026-42749051-language.md,24,no,curated content topics; not a verified official JTO section
