pmid,year,title,eligibility,reading_stage,main_read_completed_on,review_status,coverage_check,evidence_check,results_check,language_check,traceability_check,transfer_check,supplement_status,reading_evidence,review_record,reviewer_id,review_method,reviewed_on,note
41932614,2026,ERBB2-Activating Mutations and Co-Occurring Genomic Alterations Contribute to Disease Heterogeneity in Patients With ERBB2-Mutant Lung Cancer,included,main_text_deep_read_complete,2026-09-14,passed,pass,pass,pass,pass,pass,pass,not_supplied,jto-stk11-deep-reading-ledger.md;jto-2026-09-14-stk11-priority-language.md,source-rechecks/2026-09-28-41932614.md,codex-main-agent-2026-09-28,same_agent_source_recheck,2026-09-28,Migrated from journal reading ledger on 2026-09-19; no new source recheck; six acceptance gates not reassessed. Bounded abstract/high-risk source sample recorded; not full six-gate acceptance. | 2026-09-28 bounded same-agent PDF/figure recheck; source conflicts qualified or held; selected language contexts only; main-read date preserved.
41619904,2026,Impact of KRAS Mutations and Co-Alterations on Outcomes in Stage III Nonsquamous NSCLC Treated With Chemoradiation and Immunotherapy,included,main_text_deep_read_complete,2026-09-14,passed,pass,pass,pass,pass,pass,pass,not_supplied,jto-stk11-deep-reading-ledger.md;jto-2026-09-14-stk11-priority-language.md,source-rechecks/2026-09-28-41619904.md,codex-main-agent-2026-09-28,same_agent_source_recheck,2026-09-28,Migrated from journal reading ledger on 2026-09-19; no new source recheck; six acceptance gates not reassessed. Bounded abstract/high-risk source sample recorded; not full six-gate acceptance. | 2026-09-28 bounded same-agent PDF/figure recheck; source conflicts qualified or held; selected language contexts only; main-read date preserved.
39864548,2025,"Gene Copy Deletion of STK11, KEAP1, and SMARCA4: Clinicopathologic Features and Association With the Outcomes of Immunotherapy With or Without Chemotherapy in Nonsquamous NSCLC",included,main_text_deep_read_complete,2026-09-14,passed,pass,pass,pass,pass,pass,pass,not_supplied,jto-stk11-deep-reading-ledger.md;jto-2026-09-14-stk11-priority-language.md,source-rechecks/2026-09-28-39864548.md,codex-main-agent-2026-09-28,same_agent_source_recheck,2026-09-28,Migrated from journal reading ledger on 2026-09-19; no new source recheck; six acceptance gates not reassessed. Bounded abstract/high-risk source sample recorded; not full six-gate acceptance. | 2026-09-28 bounded same-agent PDF/figure recheck; source conflicts qualified or held; selected language contexts only; main-read date preserved.
42409117,2026,Genomic Landscape and Clinical Impact of MTAP Loss in Driver-Positive NSCLC: Insights From a Large-Scale Real-World Chinese Cohort,included,main_text_deep_read_complete,2026-09-14,passed,pass,pass,pass,pass,pass,pass,not_supplied,jto-stk11-deep-reading-ledger.md;jto-2026-09-14-stk11-priority-language.md,source-rechecks/2026-09-28-42409117.md,codex-main-agent-2026-09-28,same_agent_source_recheck,2026-09-28,Migrated from journal reading ledger on 2026-09-19; no new source recheck; six acceptance gates not reassessed. Bounded abstract/high-risk source sample recorded; not full six-gate acceptance. | 2026-09-28 bounded same-agent PDF/figure recheck; source conflicts qualified or held; selected language contexts only; main-read date preserved.
36240971,2023,Targeting NFE2L2/KEAP1 Mutations in Advanced NSCLC With the TORC1/2 Inhibitor TAK-228.,included,main_text_deep_read_complete,2026-09-28,not_reviewed,pending,pending,pending,pending,pending,pending,not_supplied,jto-deep-reading-ledger.md;jto-2023-36240971-language.md,,,,,All supplied main text and main visuals read; independent acceptance not performed. Separately cited supplementary files not supplied or reviewed
36494075,2023,Molecular Biomarkers of Disease Outcomes and Mechanisms of Acquired Resistance to First-Line Osimertinib in Advanced EGFR-Mutant Lung Cancers.,included,main_text_deep_read_complete,2026-09-28,not_reviewed,pending,pending,pending,pending,pending,pending,not_supplied,jto-deep-reading-ledger.md;jto-2023-36494075-language.md,,,,,All supplied main text and main visuals read; independent acceptance not performed. Separately cited supplementary files not supplied or reviewed
36775193,2023,Clinicopathologic and Genomic Factors Impacting Efficacy of First-Line Chemoimmunotherapy in Advanced NSCLC.,included,main_text_deep_read_complete,2026-09-28,not_reviewed,pending,pending,pending,pending,pending,pending,not_supplied,jto-deep-reading-ledger.md;jto-2023-36775193-language.md,,,,,All supplied main text and main visuals read; independent acceptance not performed. Separately cited supplementary files not supplied or reviewed
36958689,2023,"Histone Deacetylase 6 Inhibition Exploits Selective Metabolic Vulnerabilities in LKB1 Mutant, KRAS Driven NSCLC.",included,main_text_deep_read_complete,2026-09-28,not_reviewed,pending,pending,pending,pending,pending,pending,not_supplied,jto-deep-reading-ledger.md;jto-2023-36958689-language.md,,,,,All supplied main text and main visuals read; independent acceptance not performed. Separately cited supplementary files not supplied or reviewed
37182602,2023,Combination Therapy With MDM2 and MEK Inhibitors Is Effective in Patient-Derived Models of Lung Adenocarcinoma With Concurrent Oncogenic Drivers and MDM2 Amplification.,included,main_text_deep_read_complete,2026-09-28,not_reviewed,pending,pending,pending,pending,pending,pending,not_supplied,jto-deep-reading-ledger.md;jto-2023-37182602-language.md,,,,,All supplied main text and main visuals read; independent acceptance not performed. Separately cited supplementary files not supplied or reviewed
37543207,2023,Clinicogenomic Features and Targetable Mutations in NSCLCs Harboring BRAF Non-V600E Mutations: A Multi-Institutional Genomic Screening Study (LC-SCRUM-Asia).,included,main_text_deep_read_complete,2026-09-28,not_reviewed,pending,pending,pending,pending,pending,pending,not_supplied,jto-deep-reading-ledger.md;jto-2023-37543207-language.md,,,,,All supplied main text and main visuals read; independent acceptance not performed. Separately cited supplementary files not supplied or reviewed
37572870,2024,Impact of Concurrent Genomic Alterations on Clinical Outcomes in Patients With ALK-Rearranged NSCLC.,included,main_text_deep_read_complete,2026-09-28,not_reviewed,pending,pending,pending,pending,pending,pending,not_supplied,jto-deep-reading-ledger.md;jto-2024-37572870-language.md,,,,,All supplied main text and main visuals read; independent acceptance not performed. Separately cited supplementary files not supplied or reviewed
37806385,2024,Co-Occurring Alterations in Multiple Tumor Suppressor Genes Are Associated With Worse Outcomes in Patients With EGFR-Mutant Lung Cancer.,included,main_text_deep_read_complete,2026-09-28,not_reviewed,pending,pending,pending,pending,pending,pending,not_supplied,jto-deep-reading-ledger.md;jto-2024-37806385-language.md,,,,,All supplied main text and main visuals read; independent acceptance not performed. Separately cited supplementary files not supplied or reviewed
37838086,2024,"Microsatellite Instability and Mismatch Repair Deficiency Define a Distinct Subset of Lung Cancers Characterized by Smoking Exposure, High Tumor Mutational Burden, and Recurrent Somatic MLH1 Inactivation.",included,main_text_deep_read_complete,2026-09-28,not_reviewed,pending,pending,pending,pending,pending,pending,not_supplied,jto-deep-reading-ledger.md;jto-2024-37838086-language.md,,,,,All supplied main text and main visuals read; independent acceptance not performed. Separately cited supplementary files not supplied or reviewed
38096950,2024,Outcome of First-Line Treatment With Pembrolizumab According to KRAS/TP53 Mutational Status for Nonsquamous Programmed Death-Ligand 1-High (≥50%) NSCLC in the German National Network Genomic Medicine Lung Cancer.,included,main_text_deep_read_complete,2026-09-28,not_reviewed,pending,pending,pending,pending,pending,pending,not_supplied,jto-deep-reading-ledger.md;jto-2024-38096950-language.md,,,,,All supplied main text and main visuals read; independent acceptance not performed. Separately cited supplementary files not supplied or reviewed
38154514,2024,Prevalence and Therapeutic Targeting of High-Level ERBB2 Amplification in NSCLC.,included,main_text_deep_read_complete,2026-09-28,not_reviewed,pending,pending,pending,pending,pending,pending,not_supplied,jto-deep-reading-ledger.md;jto-2024-38154514-language.md,,,,,All supplied main text and main visuals read; independent acceptance not performed. Separately cited supplementary files not supplied or reviewed
39111731,2024,Lung-MAP Next-Generation Sequencing Analysis of Advanced Squamous Cell Lung Cancers (SWOG S1400).,included,main_text_deep_read_complete,2026-09-28,not_reviewed,pending,pending,pending,pending,pending,pending,not_supplied,jto-deep-reading-ledger.md;jto-2024-39111731-language.md,,,,,All supplied main text and main visuals read; independent acceptance not performed. Separately cited supplementary files not supplied or reviewed
39694414,2025,"Decoding the Clinical and Molecular Signatures of EGFR Common, Compound, and Uncommon Mutations in NSCLC: A Brief Report.",included,main_text_deep_read_complete,2026-09-28,not_reviewed,pending,pending,pending,pending,pending,pending,not_supplied,jto-deep-reading-ledger.md;jto-2025-39694414-language.md,,,,,All supplied main text and main visuals read; independent acceptance not performed. Separately cited supplementary files not supplied or reviewed
40320171,2025,Overall Survival in EGFR-Mutant Advanced NSCLC Treated With First-Line Osimertinib: A Cohort Study Integrating Clinical and Biomarker Data in the United States.,included,main_text_deep_read_complete,2026-09-28,not_reviewed,pending,pending,pending,pending,pending,pending,not_supplied,jto-deep-reading-ledger.md;jto-2025-40320171-language.md,,,,,All supplied main text and main visuals read; independent acceptance not performed. Separately cited supplementary files not supplied or reviewed
40518016,2025,Targeting WEE1 to Overcome ARID1A Mutation-Driven Osimertinib Resistance in EGFR-Mutant Lung Cancer.,included,main_text_deep_read_complete,2026-09-28,not_reviewed,pending,pending,pending,pending,pending,pending,not_supplied,jto-deep-reading-ledger.md;jto-2025-40518016-language.md,,,,,All supplied main text and main visuals read; independent acceptance not performed. Separately cited supplementary files not supplied or reviewed
41161592,2026,Neoadjuvant Immunochemotherapy in Resectable NSCLC With SMARCA4 Alterations.,included,main_text_deep_read_complete,2026-09-28,not_reviewed,pending,pending,pending,pending,pending,pending,not_supplied,jto-deep-reading-ledger.md;jto-2026-41161592-language.md,,,,,All supplied main text and main visuals read; independent acceptance not performed. Separately cited supplementary files not supplied or reviewed
41260457,2026,Clinical Significance of MTAP Deletions and Their Overlap With Concurrent Oncogenic Driver Alterations Including EGFR in NSCLC.,included,main_text_deep_read_complete,2026-09-28,not_reviewed,pending,pending,pending,pending,pending,pending,not_supplied,jto-deep-reading-ledger.md;jto-2026-41260457-language.md,,,,,All supplied main text and main visuals read; independent acceptance not performed. Separately cited supplementary files not supplied or reviewed
41903702,2026,"Molecular Profiling Across 80,000 Patients With Lung Cancer.",included,main_text_deep_read_complete,2026-09-28,not_reviewed,pending,pending,pending,pending,pending,pending,reviewed,jto-deep-reading-ledger.md;jto-2026-41903702-language.md,,,,,All supplied main text and main visuals read; independent acceptance not performed. Embedded Tables S1-S3 and Figures S1-S2 reviewed in this supplied PDF only; external files not reviewed
42749051,2026,Integrated multi-omic profiling enables recurrence risk stratification beyond pathological stage in resected EGFR-mutant lung adenocarcinoma.,included,main_text_deep_read_complete,2026-09-28,not_reviewed,pending,pending,pending,pending,pending,pending,not_supplied,jto-deep-reading-ledger.md;jto-2026-42749051-language.md,,,,,All supplied main text and main visuals read; independent acceptance not performed. Separately cited supplementary files not supplied or reviewed
34450259,2021,"KEAP1 and TP53 Frame Genomic, Evolutionary, and Immunologic Subtypes of Lung Adenocarcinoma With Different Sensitivity to Immunotherapy.",included,main_text_deep_read_complete,2026-09-29,not_reviewed,pending,pending,pending,pending,pending,pending,not_supplied,jto-deep-reading-ledger.md;jto-2021-34450259-language.md,,,,,Complete supplied main text and main figure/table reading. Separate supplementary files not supplied or reviewed. Same-agent first reading; all acceptance gates remain pending.
36535627,2023,Single-Cell Analysis Reveals Transcriptomic Features of Drug-Tolerant Persisters and Stromal Adaptation in a Patient-Derived EGFR-Mutated Lung Adenocarcinoma Xenograft Model.,included,main_text_deep_read_complete,2026-09-29,not_reviewed,pending,pending,pending,pending,pending,pending,not_supplied,jto-deep-reading-ledger.md;jto-2023-36535627-language.md,,,,,Complete supplied main text and main figure/table reading. Separate supplementary files not supplied or reviewed; supplied PDF includes checked erratum 10.1016/j.jtho.2023.06.001. Same-agent first reading; all acceptance gates remain pending.
36948245,2023,Classification of Tumor Immune Microenvironment According to Programmed Death-Ligand 1 Expression and Immune Infiltration Predicts Response to Immunotherapy Plus Chemotherapy in Advanced Patients With NSCLC.,included,main_text_deep_read_complete,2026-09-29,not_reviewed,pending,pending,pending,pending,pending,pending,not_supplied,jto-deep-reading-ledger.md;jto-2023-36948245-language.md,,,,,Complete supplied main text and main figure/table reading. Separate supplementary files not supplied or reviewed. Same-agent first reading; all acceptance gates remain pending.
37806383,2024,Real-World Genomic Profile of EGFR Second-Site Mutations and Other Osimertinib Resistance Mechanisms and Clinical Landscape of NSCLC Post-Osimertinib.,included,main_text_deep_read_complete,2026-09-29,not_reviewed,pending,pending,pending,pending,pending,pending,not_supplied,jto-deep-reading-ledger.md;jto-2024-37806383-language.md,,,,,Complete supplied main text and main figure/table reading. Separate supplementary files not supplied or reviewed. Same-agent first reading; all acceptance gates remain pending.
37981218,2024,Allelic Context of EGFR C797X-Mutant Lung Cancer Defines Four Subtypes With Heterogeneous Genomic Landscape and Distinct Clinical Outcomes.,included,main_text_deep_read_complete,2026-09-29,not_reviewed,pending,pending,pending,pending,pending,pending,not_supplied,jto-deep-reading-ledger.md;jto-2024-37981218-language.md,,,,,Complete supplied main text and main figure/table reading. Separate supplementary files not supplied or reviewed. Same-agent first reading; all acceptance gates remain pending.
42749049,2026,Genomic and transcriptomic features of relapsed small cell lung cancer.,included,main_text_deep_read_complete,2026-09-29,not_reviewed,pending,pending,pending,pending,pending,pending,not_supplied,jto-deep-reading-ledger.md;jto-2026-42749049-language.md,,,,,Complete supplied main text and main figure/table reading. Separate supplementary files not supplied or reviewed. Same-agent first reading; all acceptance gates remain pending.
41690367,2026,"TTF-1 Expression in Lung Adenocarcinoma: Clinicopathologic, Genomic, and Immunophenotypic Correlates and Outcomes to Immunotherapy-Based Treatments and KRASG12C Inhibitors.",included,main_text_deep_read_complete,2026-09-29,not_reviewed,pending,pending,pending,pending,pending,pending,not_supplied,jto-deep-reading-ledger.md;jto-2026-41690367-language.md,,,,,Complete supplied main text and main figure/table reading. Separate supplementary files not supplied or reviewed. Same-agent first reading; all acceptance gates remain pending.
42674257,2026,DNA and RNA EGFR Variant Allele Fractions and Clinical Outcomes in Lung Adenocarcinoma.,included,main_text_deep_read_complete,2026-09-29,not_reviewed,pending,pending,pending,pending,pending,pending,not_supplied,jto-deep-reading-ledger.md;jto-2026-42674257-language.md,,,,,"Supplied main text and all main figures/tables read, with section-aware language and source limits. Initial same-agent reading, not independent acceptance. Supplement coverage is bounded explicitly in the article note."
42749050,2026,Final Biomarker and Efficacy Analyses of Lorlatinib in Patients With ALK-Positive Advanced Non-Small Cell Lung Cancer in a Phase 2 Study.,included,main_text_deep_read_complete,2026-09-29,not_reviewed,pending,pending,pending,pending,pending,pending,partially_reviewed,jto-deep-reading-ledger.md;jto-2026-42749050-language.md,,,,,"Supplied main text and all main figures/tables read, with section-aware language and source limits. Initial same-agent reading, not independent acceptance. Supplement coverage is bounded explicitly in the article note."
37495171,2023,STK11/LKB1-Deficient Phenotype Rather Than Mutation Diminishes Immunotherapy Efficacy and Represents STING/Type I Interferon/CD8+ T-Cell Dysfunction in NSCLC.,included,main_text_deep_read_complete,2026-10-02,in_progress,pass,pass,pending,pass,pending,pass,not_supplied,jto-deep-reading-ledger.md;jto-2023-37495171-reading.md;jto-2023-37495171-language.md,source-rechecks/2026-10-02-37495171.md,independent-agent-inspect-local-stk11,independent_agent_source_recheck,2026-10-02,All 17 supplied pages and six main figures/captions read; no main tables. Source limitations and section-language assets recorded. Independent check tracked separately; no automatic acceptance. Independent bounded main-source check: four gates pass; results and traceability remain pending. Not full scientific acceptance.
34740862,2022,Diminished Efficacy of Programmed Death-(Ligand)1 Inhibition in STK11- and KEAP1-Mutant Lung Adenocarcinoma Is Affected by KRAS Mutation Status,included,main_text_deep_read_complete,2026-10-02,not_reviewed,pending,pending,pending,pending,pending,pending,not_supplied,jto-2022-34740862-reading.md;jto-2022-34740862-language.md,,,,,Complete first-pass main-text and main-visual reading from the hash-registered local PDF. Independent acceptance review was not performed; all six review gates remain pending.
