year,title,journal,volume,issue,article_number,pagination,publication_status,pmid,doi,article_genre,study_design,primary_classification,secondary_classifications,stk11_role,source_pdf,pdf_pages,deep_read_status,supplement_status,profile_status,disease_scope,source_role
2026,ERBB2-Activating Mutations and Co-Occurring Genomic Alterations Contribute to Disease Heterogeneity in Patients With ERBB2-Mutant Lung Cancer,Journal of Thoracic Oncology,21,8,103708,,published issue metadata; supplied PDF is a journal pre-proof,41932614,10.1016/j.jtho.2026.103708,original research,retrospective two-cohort clinicogenomic analysis,genomic and clinicogenomic landscape,driver-domain subclassification; co-mutation analysis; TMB/FGA; real-world treatment outcomes; immunotherapy and targeted-therapy context,indirect genomic-context variable enriched in ERBB2 ECD tumors,resource_2026_04_09_1775716680969.pdf,25,completed_2026-09-14,supplement inventory present; supplementary files not supplied or independently reviewed,source_grounded_jto_stk11_priority_only,NSCLC,user-designated STK11 priority reference
2026,Impact of KRAS Mutations and Co-Alterations on Outcomes in Stage III Nonsquamous NSCLC Treated With Chemoradiation and Immunotherapy,Journal of Thoracic Oncology,21,6,103565,,published issue metadata; supplied PDF is a journal pre-proof,41619904,10.1016/j.jtho.2026.103565,original research,retrospective multicenter treatment-pathway cohort,clinical outcome and co-alteration analysis,stage III NSCLC; cCRT; consolidative durvalumab; PFS/OS; competing risks; metastatic patterns; NGS subgroup analysis,direct high-risk co-alteration within KRAS-mutant disease; principal combined analysis uses STK11 and/or CDKN2A,resource_2026_02_02_1770019745991.pdf,34,completed_2026-09-14,supplementary figures and tables cited but not supplied or independently reviewed,source_grounded_jto_stk11_priority_only,NSCLC,user-designated STK11 priority reference
2025,"Gene Copy Deletion of STK11, KEAP1, and SMARCA4: Clinicopathologic Features and Association With the Outcomes of Immunotherapy With or Without Chemotherapy in Nonsquamous NSCLC",Journal of Thoracic Oncology,20,6,,725-738,version of record,39864548,10.1016/j.jtho.2025.01.016,original research,retrospective multicohort clinicogenomic and treatment-outcome analysis,copy-number genomic and treatment-outcome analysis,clinicopathologic correlates; mono-allelic and bi-allelic deletion; 19p13.2-13.3 co-deletion; TCGA transcript/protein correlation; PD-L1/TMB/aneuploidy; chemoimmunotherapy and ICI outcomes; multiplex immunofluorescence,direct principal exposure; copy-deletion and allelic-state framework linking STK11 genotype to RNA/LKB1 expression and treatment outcomes,PIIS1556086425000498.pdf,14,completed_2026-09-14,"supplementary methods, figures, and tables cited but not supplied or independently reviewed",source_grounded_jto_stk11_priority_only,NSCLC,user-designated STK11 priority reference
2026,Genomic Landscape and Clinical Impact of MTAP Loss in Driver-Positive NSCLC: Insights From a Large-Scale Real-World Chinese Cohort,Journal of Thoracic Oncology,,,104077,,corrected proof; PubMed had no final volume or issue on 2026-09-14,42409117,10.1016/j.jtho.2026.104077,original research,retrospective real-world genomic analysis with an independent targeted-therapy outcome cohort and exploratory paired samples,genomic landscape and targeted-therapy outcome analysis,MTAP/CDKN2A/CDKN2B co-deletion; exon-level loss structure; NGS-IHC concordance; driver-positive NSCLC; EGFR/ALK TKI outcomes; acquired loss; synthetic-lethal context,"indirect structural analogue for locus co-deletion, operational loss definition, orthogonal assay concordance, and targeted-therapy prognostic reporting; no STK11/LKB1 analysis in the supplied main text",PIIS1556086426005307.pdf,17,completed_2026-09-14,supplementary figures and tables cited but not supplied or independently reviewed,source_grounded_jto_stk11_priority_only,NSCLC,user-designated STK11 priority reference
2023,Targeting NFE2L2/KEAP1 Mutations in Advanced NSCLC With the TORC1/2 Inhibitor TAK-228.,Journal of Thoracic Oncology,18,4,,516-526,PubMed ppublish; issue 2023-Apr; supplied publisher_typeset_pdf,36240971,10.1016/j.jtho.2022.09.225,original research,single-arm phase 2 and preclinical experiments,genotype-directed clinical trial,clinical-oncology;genomics;targeted-therapy;preclinical;statistics;safety,"STK11 is an annotated covariate, not an established response biomarker",Paik_Targeting_NFE2L2_KEAP1_Mutations_in_Advanced_NSCLC_W_PMID36240971_typeset.pdf,11,completed_2026-09-28,Separately cited supplementary files not supplied or reviewed,source_grounded_jto_article_level,nsclc;lung-squamous,lung-primary;clinical-trial;preclinical-mechanism
2023,Molecular Biomarkers of Disease Outcomes and Mechanisms of Acquired Resistance to First-Line Osimertinib in Advanced EGFR-Mutant Lung Cancers.,Journal of Thoracic Oncology,18,4,,463-475,PubMed ppublish; issue 2023-Apr; supplied publisher_typeset_pdf,36494075,10.1016/j.jtho.2022.11.022,original research,retrospective first-line osimertinib and paired resistance analysis,clinical genomics and resistance,clinical-oncology;genomics;transcriptomics;targeted-therapy;bioinformatics;statistics,Indirect framework; do not infer a demonstrated STK11 treatment interaction,Choudhury_Molecular_Biomarkers_of_Disease_Outcomes_and_Mechani_PMID36494075_typeset.pdf,13,completed_2026-09-28,Separately cited supplementary files not supplied or reviewed,source_grounded_jto_article_level,nsclc;lung-adenocarcinoma,lung-primary;clinical-correlative
2023,Clinicopathologic and Genomic Factors Impacting Efficacy of First-Line Chemoimmunotherapy in Advanced NSCLC.,Journal of Thoracic Oncology,18,6,,731-743,PubMed ppublish; issue 2023-Jun; supplied publisher_typeset_pdf,36775193,10.1016/j.jtho.2023.01.091,original research,multicenter retrospective chemoimmunotherapy outcomes,clinical genomics and immunotherapy outcomes,clinical-oncology;genomics;immunotherapy;statistics,"Direct STK11 and KRAS-conditioned association analysis, not a new user highlight",Alessi_Clinicopathologic_and_Genomic_Factors_Impacting_Effi_PMID36775193_typeset.pdf,13,completed_2026-09-28,Separately cited supplementary files not supplied or reviewed,source_grounded_jto_article_level,nsclc,lung-primary;clinical-correlative
2023,"Histone Deacetylase 6 Inhibition Exploits Selective Metabolic Vulnerabilities in LKB1 Mutant, KRAS Driven NSCLC.",Journal of Thoracic Oncology,18,7,,882-895,PubMed ppublish; issue 2023-Jul; supplied publisher_typeset_pdf,36958689,10.1016/j.jtho.2023.03.014,original research,genotype-stratified preclinical combination and omics analysis,STK11-linked metabolic mechanism,genomics;transcriptomics;proteomics;bioinformatics;preclinical;targeted-therapy;statistics,Direct KRAS/LKB1 model mechanism; external human proteomics is not a clinical treatment trial,Zhang_Histone_Deacetylase_6_Inhibition_Exploits_Selective_PMID36958689_typeset.pdf,14,completed_2026-09-28,Separately cited supplementary files not supplied or reviewed,source_grounded_jto_article_level,lung-adenocarcinoma,lung-primary;preclinical-mechanism
2023,Combination Therapy With MDM2 and MEK Inhibitors Is Effective in Patient-Derived Models of Lung Adenocarcinoma With Concurrent Oncogenic Drivers and MDM2 Amplification.,Journal of Thoracic Oncology,18,9,,1165-1183,PubMed ppublish; issue 2023-Sep; supplied publisher_typeset_pdf,37182602,10.1016/j.jtho.2023.05.007,original research,retrospective genomic screening and patient-derived experimental models,MDM2 amplification and combination vulnerability,genomics;transcriptomics;targeted-protein-assay;bioinformatics;preclinical;targeted-therapy;statistics,Indirect genotype-to-function framework; no STK11-specific efficacy conclusion,Elkrief_Combination_Therapy_With_MDM2_and_MEK_Inhibitors_Is_PMID37182602_typeset.pdf,19,completed_2026-09-28,Separately cited supplementary files not supplied or reviewed,source_grounded_jto_article_level,lung-adenocarcinoma,lung-primary;clinical-correlative;preclinical-mechanism
2023,Clinicogenomic Features and Targetable Mutations in NSCLCs Harboring BRAF Non-V600E Mutations: A Multi-Institutional Genomic Screening Study (LC-SCRUM-Asia).,Journal of Thoracic Oncology,18,11,,1538-1549,PubMed ppublish; issue 2023-Nov; supplied publisher_typeset_pdf,37543207,10.1016/j.jtho.2023.07.024,original research,prospective genomic screening with retrospective outcomes,BRAF functional classes and outcomes,clinical-oncology;genomics;immunotherapy;targeted-therapy;statistics,Indirect co-alteration and variant-class framework,Sakai_Clinicogenomic_Features_and_Targetable_Mutations_in_PMID37543207_typeset.pdf,12,completed_2026-09-28,Separately cited supplementary files not supplied or reviewed,source_grounded_jto_article_level,nsclc,lung-primary;clinical-correlative
2024,Impact of Concurrent Genomic Alterations on Clinical Outcomes in Patients With ALK-Rearranged NSCLC.,Journal of Thoracic Oncology,19,1,,119-129,PubMed ppublish; issue 2024-Jan; supplied publisher_typeset_pdf,37572870,10.1016/j.jtho.2023.08.007,original research,prospective observational ALK cohort,CDKN2A/B co-deletion and ALK treatment outcomes,clinical-oncology;genomics;targeted-therapy;statistics,Indirect co-deletion framework; do not equate CDKN loss with STK11 mutation,Lara-Mejia_Impact_of_Concurrent_Genomic_Alterations_on_Clinical_PMID37572870_typeset.pdf,11,completed_2026-09-28,Separately cited supplementary files not supplied or reviewed,source_grounded_jto_article_level,nsclc,lung-primary;clinical-correlative
2024,Co-Occurring Alterations in Multiple Tumor Suppressor Genes Are Associated With Worse Outcomes in Patients With EGFR-Mutant Lung Cancer.,Journal of Thoracic Oncology,19,2,,240-251,PubMed ppublish; issue 2024-Feb; supplied publisher_typeset_pdf,37806385,10.1016/j.jtho.2023.10.001,original research,two-cohort retrospective EGFR outcome analysis,TP53 plus tumor-suppressor co-alterations,clinical-oncology;genomics;targeted-therapy;statistics,The final five-gene TSG set does not include STK11,Stockhammer_Co_Occurring_Alterations_in_Multiple_Tumor_Suppresso_PMID37806385_typeset.pdf,12,completed_2026-09-28,Separately cited supplementary files not supplied or reviewed,source_grounded_jto_article_level,nsclc,lung-primary;clinical-correlative
2024,"Microsatellite Instability and Mismatch Repair Deficiency Define a Distinct Subset of Lung Cancers Characterized by Smoking Exposure, High Tumor Mutational Burden, and Recurrent Somatic MLH1 Inactivation.",Journal of Thoracic Oncology,19,3,,409-424,PubMed ppublish; issue 2024-Mar; supplied publisher_typeset_pdf,37838086,10.1016/j.jtho.2023.10.004,original research,retrospective MSI/MMR clinicogenomics with selected molecular analyses,MSI/MMR and immune outcomes,clinical-oncology;genomics;transcriptomics;bioinformatics;immunotherapy;statistics,Exploratory STK11 context is not a validated response classifier,Yang_Microsatellite_Instability_and_Mismatch_Repair_Defic_PMID37838086_typeset.pdf,16,completed_2026-09-28,Separately cited supplementary files not supplied or reviewed,source_grounded_jto_article_level,nsclc;sclc,lung-primary;clinical-correlative
2024,Outcome of First-Line Treatment With Pembrolizumab According to KRAS/TP53 Mutational Status for Nonsquamous Programmed Death-Ligand 1-High (≥50%) NSCLC in the German National Network Genomic Medicine Lung Cancer.,Journal of Thoracic Oncology,19,5,,803-817,PubMed ppublish; issue 2024-May; supplied publisher_typeset_pdf,38096950,10.1016/j.jtho.2023.12.015,original research,retrospective pembrolizumab cohort with pathology and external RNA analysis,KRAS/TP53 and immunotherapy outcomes,clinical-oncology;genomics;transcriptomics;spatial-protein;bioinformatics;immunotherapy;statistics,STK11 tested in a subset only; preserve assay denominators,Bischoff_Outcome_of_First_Line_Treatment_With_Pembrolizumab_A_PMID38096950_typeset.pdf,15,completed_2026-09-28,Separately cited supplementary files not supplied or reviewed,source_grounded_jto_article_level,nsclc,lung-primary;clinical-correlative
2024,Prevalence and Therapeutic Targeting of High-Level ERBB2 Amplification in NSCLC.,Journal of Thoracic Oncology,19,5,,732-748,PubMed ppublish; issue 2024-May; supplied publisher_typeset_pdf,38154514,10.1016/j.jtho.2023.12.019,original research,"clinical genomic landscape, functional models and two case responses",ERBB2 amplification and ADC vulnerability,clinical-oncology;genomics;transcriptomics;preclinical;targeted-therapy;statistics,Indirect copy-number-to-function framework; two cases are not a comparative trial,Odintsov_Prevalence_and_Therapeutic_Targeting_of_High_Level_E_PMID38154514_typeset.pdf,17,completed_2026-09-28,Separately cited supplementary files not supplied or reviewed,source_grounded_jto_article_level,lung-adenocarcinoma;mixed-solid-tumors,lung-primary;clinical-correlative;preclinical-mechanism
2024,Lung-MAP Next-Generation Sequencing Analysis of Advanced Squamous Cell Lung Cancers (SWOG S1400).,Journal of Thoracic Oncology,19,12,,1618-1629,PubMed ppublish; issue 2024-Dec; supplied publisher_typeset_pdf,39111731,10.1016/j.jtho.2024.07.024,original research,Lung-MAP genomic landscape and computational co-occurrence analysis,squamous lung cancer genomic landscape,clinical-oncology;genomics;bioinformatics;statistics,"Co-occurrence and mutual exclusivity are statistical, not causal interactions",Kozono_Lung_MAP_Next_Generation_Sequencing_Analysis_of_Adva_PMID39111731_typeset.pdf,12,completed_2026-09-28,Separately cited supplementary files not supplied or reviewed,source_grounded_jto_article_level,lung-squamous,lung-primary;clinical-correlative;computational-methods
2025,"Decoding the Clinical and Molecular Signatures of EGFR Common, Compound, and Uncommon Mutations in NSCLC: A Brief Report.",Journal of Thoracic Oncology,20,4,,500-506,PubMed ppublish; issue 2025-Apr; supplied publisher_typeset_pdf,39694414,10.1016/j.jtho.2024.12.012,original research; brief report,public-cohort DNA/RNA reanalysis,EGFR variant-class molecular signatures,clinical-oncology;genomics;transcriptomics;bioinformatics;targeted-therapy;statistics,Indirect subclassification and expression framework,Tavernari_Decoding_the_Clinical_and_Molecular_Signatures_of_EG_PMID39694414_typeset.pdf,7,completed_2026-09-28,Separately cited supplementary files not supplied or reviewed,source_grounded_jto_article_level,nsclc,lung-primary;clinical-correlative;computational-methods
2025,Overall Survival in EGFR-Mutant Advanced NSCLC Treated With First-Line Osimertinib: A Cohort Study Integrating Clinical and Biomarker Data in the United States.,Journal of Thoracic Oncology,20,9,,1268-1278,PubMed ppublish; issue 2025-Sep; supplied publisher_typeset_pdf,40320171,10.1016/j.jtho.2025.04.010,original research,retrospective EHR clinicogenomics and weighted external comparison,EGFR real-world survival and TP53 co-mutation,clinical-oncology;genomics;targeted-therapy;statistics,Indirect real-world outcome and co-mutation framework,Sabari_Overall_Survival_in_EGFR_Mutant_Advanced_NSCLC_Treat_PMID40320171_typeset.pdf,11,completed_2026-09-28,Separately cited supplementary files not supplied or reviewed,source_grounded_jto_article_level,nsclc,lung-primary;clinical-correlative
2025,Targeting WEE1 to Overcome ARID1A Mutation-Driven Osimertinib Resistance in EGFR-Mutant Lung Cancer.,Journal of Thoracic Oncology,20,10,,1459-1474,PubMed ppublish; issue 2025-Oct; supplied publisher_typeset_pdf,40518016,10.1016/j.jtho.2025.06.007,original research,"clinical association, CRISPR kinase screening and KO/rescue models",ARID1A and WEE1 therapeutic vulnerability,clinical-oncology;genomics;bioinformatics;preclinical;targeted-therapy;statistics,"STK11 is a kinase-screen hit, not demonstrated patient co-mutation evidence",Fukuda_Targeting_WEE1_to_Overcome_ARID1A_Mutation_Driven_Os_PMID40518016_typeset.pdf,16,completed_2026-09-28,Separately cited supplementary files not supplied or reviewed,source_grounded_jto_article_level,nsclc;lung-adenocarcinoma,lung-primary;clinical-correlative;preclinical-mechanism
2026,Neoadjuvant Immunochemotherapy in Resectable NSCLC With SMARCA4 Alterations.,Journal of Thoracic Oncology,21,3,103506,,PubMed ppublish; issue 2026-Mar; supplied publisher_typeset_pdf,41161592,10.1016/j.jtho.2025.10.013,original research,retrospective neoadjuvant cohort plus external TCGA RNA reanalysis,SMARCA4 neoadjuvant immunochemotherapy outcomes,clinical-oncology;genomics;transcriptomics;bioinformatics;immunotherapy;statistics,Indirect altered-gene clinical framework; TCGA is not paired patient multiomics,Peng_Neoadjuvant_Immunochemotherapy_in_Resectable_NSCLC_W_PMID41161592_typeset.pdf,9,completed_2026-09-28,Separately cited supplementary files not supplied or reviewed,source_grounded_jto_article_level,nsclc,lung-primary;clinical-correlative
2026,Clinical Significance of MTAP Deletions and Their Overlap With Concurrent Oncogenic Driver Alterations Including EGFR in NSCLC.,Journal of Thoracic Oncology,21,3,103520,,PubMed ppublish; issue 2026-Mar; supplied publisher_typeset_pdf,41260457,10.1016/j.jtho.2025.11.010,original research,"retrospective MTAP landscape, paired resistance and a PRMT5 case",MTAP co-deletion and targeted-therapy outcomes,clinical-oncology;genomics;targeted-therapy;statistics,Indirect co-deletion and resistance framework; single-case PRMT5 response,Ross_Clinical_Significance_of_MTAP_Deletions_and_Their_Ov_PMID41260457_typeset.pdf,12,completed_2026-09-28,Separately cited supplementary files not supplied or reviewed,source_grounded_jto_article_level,nsclc,lung-primary;clinical-correlative
2026,"Molecular Profiling Across 80,000 Patients With Lung Cancer.",Journal of Thoracic Oncology,21,8,103695,,PubMed ppublish; issue 2026-Aug; supplied journal_preproof,41903702,10.1016/j.jtho.2026.103695,original research,large retrospective clinical sequencing landscape,lung cancer genomic landscape,clinical-oncology;genomics;bioinformatics;statistics,STK11 is background context; no original co-mutation or treatment-outcome analysis,Russo_Molecular_Profiling_Across_80_000_Patients_With_Lung_PMID41903702_preproof.pdf,22,completed_2026-09-28,Embedded Tables S1-S3 and Figures S1-S2 reviewed in this supplied PDF only; external files not reviewed,source_grounded_jto_article_level,lung-cancer;nsclc;sclc;lung-adenocarcinoma;lung-squamous,lung-primary;clinical-correlative
2026,Integrated multi-omic profiling enables recurrence risk stratification beyond pathological stage in resected EGFR-mutant lung adenocarcinoma.,Journal of Thoracic Oncology,,,104204,,PubMed aheadofprint; issue 2026-Sep-16; supplied journal_preproof,42749051,10.1016/j.jtho.2026.104204,original research,resected EGFR WES/RNA recurrence modeling and observational treatment analysis,integrated genomics/transcriptomics and recurrence risk,clinical-oncology;genomics;transcriptomics;bioinformatics;targeted-therapy;statistics,Indirect co-mutation and multiomic model framework; not validated STK11 treatment prediction,Saw_Integrated_multi_omic_profiling_enables_recurrence_r_PMID42749051_preproof.pdf,28,completed_2026-09-28,Separately cited supplementary files not supplied or reviewed,source_grounded_jto_article_level,lung-adenocarcinoma,lung-primary;clinical-correlative;computational-methods
