pmid,journal,year,supplied_pdf_version,archived_pdf_count,sha256,physical_pages,checked_on,scope
26069186,Cancer Discovery,2015,author_manuscript,1,2337083294ccd5fd43e3c26b26afc031c090d9e826ef8f5fd390bf7b790a4722,35,2026-09-19,identity/header only; not a new scientific read
29773717,Cancer Discovery,2018,author_manuscript,1,0e632e402ade9ee9f42d3baccd2408c323f507333f533ef391c892b8c0ffbf0f,26,2026-09-19,identity/header only; not a new scientific read
32709715,Clinical Cancer Research,2020,author_manuscript,1,123cd6740a620ed3c818b3411b3cc2aa38262f4b51d5b9486a10b886e983843a,16,2026-09-19,identity/header only; not a new scientific read
33077574,Clinical Cancer Research,2021,not_classified_by_header,1,758747dacfc448ee96e212d42e64fbf07f8e0f125df525821154c53f81e7cf91,13,2026-09-19,identity/header only; not a new scientific read
33323402,Clinical Cancer Research,2021,author_manuscript,1,70d69b23a80830901275f23af48090a9a6d64bb862d2a52328b1e4c3463ca55a,22,2026-09-19,identity/header only; not a new scientific read
34140403,Clinical Cancer Research,2021,author_manuscript,1,77e702b6dafabc6f3888e783d5402030f563a494a85cbdf965d05fee3a013eb0,22,2026-09-19,identity/header only; not a new scientific read
34244291,Clinical Cancer Research,2021,author_manuscript,1,f8169883b1e12b22dbdc42628550c8172544b900b3067dc87331ead6c7239e16,22,2026-09-19,identity/header only; not a new scientific read
34261696,Clinical Cancer Research,2021,not_classified_by_header,1,d6858c6717e29e0f74e7c54fbc0f4e1b428c2f418634e807280fc0608f0a79ee,12,2026-09-19,identity/header only; not a new scientific read
34285059,Clinical Cancer Research,2022,not_classified_by_header,1,5f184b9f6478a3e1960192214f21d64aece25f64c05f1805e1c90009f6f27d17,8,2026-09-19,identity/header only; not a new scientific read
34301751,Clinical Cancer Research,2021,not_classified_by_header,1,b2fc82ca70e78b1e395ab198de76ed3702b79083a4a69fe1e6ba23fcd568ad54,14,2026-09-19,identity/header only; not a new scientific read
34376534,Clinical Cancer Research,2021,not_classified_by_header,1,e4851b9538d89ff100b47ea59781fe17c46ad1a3ed9ffca0964672649aea1f45,13,2026-09-19,identity/header only; not a new scientific read
34407972,Clinical Cancer Research,2021,not_classified_by_header,1,6911a4f9adf742f8abff7f9c1e14ddd235f7aeb3a40415b002ea183469231aaa,18,2026-09-19,identity/header only; not a new scientific read
34426443,Clinical Cancer Research,2021,not_classified_by_header,1,9a5e55bdfe6dc91d30e34528e1b2e2b88703b920f0481f4d5a4cfdff945d0684,12,2026-09-19,identity/header only; not a new scientific read
34462287,Clinical Cancer Research,2022,author_manuscript,1,1389c725630c42e27738c02bc6b4313839a6aa259b08dbfe2a89c57366678c86,12,2026-09-19,identity/header only; not a new scientific read
34518312,Clinical Cancer Research,2021,author_manuscript,1,43d639ceb8425804bc5b9455c300eb691729c0b9d5d7de9692b2a9b86a0fca5f,22,2026-09-19,identity/header only; not a new scientific read
34551906,Clinical Cancer Research,2021,author_manuscript,1,5d906b20c575d6733a65651772fca6b873c65f4406d6ce6ab8174664b7a7ff87,25,2026-09-19,identity/header only; not a new scientific read
34686497,Clinical Cancer Research,2022,author_manuscript,1,8eb5cbef2f9026bce71976f2f4a896ee8ec932819689edb0c5b299cbe6d2aa42,16,2026-09-19,identity/header only; not a new scientific read
34702773,Clinical Cancer Research,2022,not_classified_by_header,1,ce34003e9127e9a62b997e5796eb31013740451559640a728f692de90750e62f,9,2026-09-19,identity/header only; not a new scientific read
34740922,Clinical Cancer Research,2022,not_classified_by_header,1,d37ab0964b87f355a0ac6507d77c8f4d990e513508adab9cd284d5e994a4b406,7,2026-09-19,identity/header only; not a new scientific read
34740925,Clinical Cancer Research,2022,not_classified_by_header,1,a8bb541bc5b03545a10fc677e01174b24935a37f07b02adced07ed12d273613c,9,2026-09-19,identity/header only; not a new scientific read
34753780,Clinical Cancer Research,2022,not_classified_by_header,1,f0ac55f1036ac70fd07874c0346ce99acd5db98f91c29e8cbe8f85281fc2a506,10,2026-09-19,identity/header only; not a new scientific read
34789481,Clinical Cancer Research,2022,not_classified_by_header,1,57c6118ffc604352469156c5b6ab2caff16cfadf7cf2ca086c416d268334ce31,10,2026-09-19,identity/header only; not a new scientific read
34903582,Clinical Cancer Research,2022,author_manuscript,1,7af59263218defffdc8cbe1580edbfa7819c4fedd498bffaf44569d2db765fdb,13,2026-09-19,identity/header only; not a new scientific read
34921023,Clinical Cancer Research,2022,not_classified_by_header,1,e3d1465781f41693e22e0edd64a08ad0061f0535ff461605848d9c21a5f69608,10,2026-09-19,identity/header only; not a new scientific read
35012927,Clinical Cancer Research,2022,not_classified_by_header,1,11705a62bc18aaa525753757fc47e252fc6a9281244ed327059cee2ce9442688,11,2026-09-19,identity/header only; not a new scientific read
35046060,Clinical Cancer Research,2022,author_manuscript,1,56a240bc4ef82be3630e807a3486f9e121b4ad5b626031d60f467df87c10c872,24,2026-09-19,identity/header only; not a new scientific read
35091439,Clinical Cancer Research,2022,author_manuscript,1,24a6a0d5ddf03c7567a745ac3e72ad8ebdd7ef61ab9734dfc0016fb0c3c76ca0,22,2026-09-19,identity/header only; not a new scientific read
35091446,Clinical Cancer Research,2022,author_manuscript,1,fb80d1450a4c1a5361500ad00c9f45df9022dc4a98534474d0aac3381d6b8062,42,2026-09-19,identity/header only; not a new scientific read
35101883,Clinical Cancer Research,2022,not_classified_by_header,1,94431dadb7288e2216af17e49d736f8f28ef921d14e4107804631aed0dbba36e,8,2026-09-19,identity/header only; not a new scientific read
35144967,Clinical Cancer Research,2022,not_classified_by_header,1,3f3fcdc07b74fdffd7930c6cf6b9e90adf9516638cfff3d4fed7166ac1e7f266,11,2026-09-19,identity/header only; not a new scientific read
35165102,Clinical Cancer Research,2022,not_classified_by_header,1,be304fdf0f86ee07d16b67d221cde1d6073914151ef9d4b4b2b73b960d391a64,13,2026-09-19,identity/header only; not a new scientific read
35247924,Clinical Cancer Research,2022,not_classified_by_header,1,effadb4e6598cc58e98a9d09d350432aa5b2ff9f9a3b3b15bfd2a26639cf6917,13,2026-09-19,identity/header only; not a new scientific read
35247929,Clinical Cancer Research,2022,author_manuscript,1,b1fdb45315a5c2a6efeb06a2e781d85f550dfcf86ac22e861b508358672070ba,29,2026-09-19,identity/header only; not a new scientific read
35254415,Clinical Cancer Research,2022,author_manuscript,1,3f9d7e79b0f349ebba478eceaca3f1a8bfd90a654a178e32216724e3306df2e7,19,2026-09-19,identity/header only; not a new scientific read
35275991,Clinical Cancer Research,2022,not_classified_by_header,1,6f7d3525c07aa37200c2e2bbbff02d4dcba33348faa130f27902e7ec9d3d635b,9,2026-09-19,identity/header only; not a new scientific read
35363308,Clinical Cancer Research,2022,not_classified_by_header,1,ae112f78523372075e4c7f0a08ea3793c7d275ce7f9303f6b8a6e67f0a656094,12,2026-09-19,identity/header only; not a new scientific read
35381070,Clinical Cancer Research,2022,not_classified_by_header,1,202b8b8fad0ecffcf036f05f174bbf7d4f0cdc0e8806da7c901d274524a4bad7,13,2026-09-19,identity/header only; not a new scientific read
35394499,Clinical Cancer Research,2022,author_manuscript,1,c68cd75a11a172ecc9ff208b635477fa842c8ae1a9fa820b951d38215ade2c29,25,2026-09-19,identity/header only; not a new scientific read
35394532,Clinical Cancer Research,2022,author_manuscript,1,9c1dc2f99b725f2a59e9a817197f249463150fc033480b6cd181cfaa243f0aeb,5,2026-09-19,identity/header only; not a new scientific read
35404402,Clinical Cancer Research,2022,not_classified_by_header,1,30d63593db9c201a040bbbe13d51077cc198c4017d6e105806806b3b1ab24440,11,2026-09-19,identity/header only; not a new scientific read
35486097,Clinical Cancer Research,2022,author_manuscript,1,fa7176cd71b2eb66f84373cc2ab555a4ae1ff241d93febccd94e6570e4175485,24,2026-09-19,identity/header only; not a new scientific read
35511917,Clinical Cancer Research,2022,not_classified_by_header,1,10ac86a6b1725700adf13b01e949874de5e041e74fad0c64df66bfcbbeb0d809,10,2026-09-19,identity/header only; not a new scientific read
35511938,Clinical Cancer Research,2022,not_classified_by_header,1,d9b8db747db1a50053c2df69e7cd6f97f454ab68638ef44aa1db824c58fb6112,14,2026-09-19,identity/header only; not a new scientific read
35512219,Clinical Cancer Research,2022,author_manuscript,1,e8cfb35ddae290b8dd851e1709fa47520ca95b933f52c29f8c2d5efb39008f6b,5,2026-09-19,identity/header only; not a new scientific read
35616593,Clinical Cancer Research,2023,not_classified_by_header,1,d7f0d2554cee6001ab8696b27e3d6417c6ebb65bfee88f8ff073c61aa2981680,4,2026-09-19,identity/header only; not a new scientific read
35699599,Clinical Cancer Research,2022,not_classified_by_header,1,8891562fba38c99b18b152a3adfa2d73ac21d6f3624baee13af09d4fb45d8280,12,2026-09-19,identity/header only; not a new scientific read
35713632,Clinical Cancer Research,2022,author_manuscript,1,69a4e56f7aa3a1332fc42c9d1f3a3d931eb1616edeba172fb4fa5c296335cc16,19,2026-09-19,identity/header only; not a new scientific read
35727603,Clinical Cancer Research,2022,not_classified_by_header,1,e63c6a834e405d3936a207eecfec403c558f2733585a3a08b87352b576a7bd74,48,2026-09-19,identity/header only; not a new scientific read
35762926,Clinical Cancer Research,2022,not_classified_by_header,1,b863207bcd920f56d58855c2f6b2359b8fd83a62e2fc547256ae26722edc57df,7,2026-09-19,identity/header only; not a new scientific read
35767426,Clinical Cancer Research,2022,author_manuscript,1,0ac0787cf24ec3176343916993a2ea84545cdd80160d888d09b76a90f5fcd10c,14,2026-09-19,identity/header only; not a new scientific read
35792876,Clinical Cancer Research,2022,not_classified_by_header,1,4c81302dfd43508750313642d0da1eaddd7db0b02c07c55820179f2975ab9c60,12,2026-09-19,identity/header only; not a new scientific read
35792882,Clinical Cancer Research,2022,author_manuscript,1,9dd0a15f38f7797b878b4bdeb6d74a8ec591dd824fc254d85c7bb4beaddf6d97,28,2026-09-19,identity/header only; not a new scientific read
35852792,Clinical Cancer Research,2022,not_classified_by_header,1,850770b489434d972f33fe19c63e9b68023f54e3a6569b87649d0ec4c735663d,14,2026-09-19,identity/header only; not a new scientific read
35920742,Clinical Cancer Research,2022,author_manuscript,1,a4fcfc3720de5f9cde43a0ada795f140b53a9d93f929d1c62ad71a3b29f4ddd3,31,2026-09-19,identity/header only; not a new scientific read
35972732,Clinical Cancer Research,2022,author_manuscript,1,465af40bdd5529485cb040f8cd0ad6edc4cd448b5ad63a536b1248008c5aa914,25,2026-09-19,identity/header only; not a new scientific read
35980349,Clinical Cancer Research,2022,not_classified_by_header,1,0da5002ecaaf3b84cdab560b78e541a63530c1bd7144b4cf86924a39451c67c8,8,2026-09-19,identity/header only; not a new scientific read
35993913,Clinical Cancer Research,2022,not_classified_by_header,1,214a6bcf28be2ab9d0098c8dade40bb2be54b933a130e00a286e23c9aa5e763f,15,2026-09-19,identity/header only; not a new scientific read
36044531,Clinical Cancer Research,2022,not_classified_by_header,1,02d7e0abfd486b122e56d7693d19c4387e30808c70489d286876d6573b1acec7,14,2026-09-19,identity/header only; not a new scientific read
36103258,Clinical Cancer Research,2022,author_manuscript,1,1d5540214a8784adffd1a5c08bc2805ef825b3492cb9a21a3748f78f7f0e264c,6,2026-09-19,identity/header only; not a new scientific read
36112541,Clinical Cancer Research,2023,author_manuscript,1,2e7d9c81f74e1ac9a8aaa6c53d06737bf5a090e1f725b250b2410ac95ed4a0f4,12,2026-09-19,identity/header only; not a new scientific read
36165915,Clinical Cancer Research,2023,not_classified_by_header,1,28ea41a2c5fc1b01597a3f89e44efa0d81f25d0f168c4470342719ceb112b21e,14,2026-09-19,identity/header only; not a new scientific read
36166003,Clinical Cancer Research,2022,author_manuscript,1,002f2b76cf9f5abd494f0e7af55afec78dd7776aca462bff6c7ba7e24b60605f,27,2026-09-19,identity/header only; not a new scientific read
36190329,Clinical Cancer Research,2022,author_manuscript,1,d84da2c62783781c2efa88a7dfe084613b139686cda9ad0a81e83e3e9ec2a0b5,5,2026-09-19,identity/header only; not a new scientific read
36255391,Clinical Cancer Research,2023,not_classified_by_header,1,8303b796107e3377a601fa24bb5a18846973141bbb2ea9fceeeaa59f17425611,11,2026-09-19,identity/header only; not a new scientific read
36378548,Clinical Cancer Research,2023,not_classified_by_header,1,5ef262d70ba54b80286a30cf84c36d8160bd091cc248c2afa26061b2508aa625,10,2026-09-19,identity/header only; not a new scientific read
36383142,Clinical Cancer Research,2023,author_manuscript,1,3ae84d8940c1dc8d4fcacc29d8ad04b7c03ba47494067e82de61d24fdccbfe5d,6,2026-09-19,identity/header only; not a new scientific read
36449664,Clinical Cancer Research,2023,author_manuscript,1,6b3649e151402266252f3a1c7fa9a179da7ed82d870e9d44f6b328c78c1ac01d,19,2026-09-19,identity/header only; not a new scientific read
36469573,Clinical Cancer Research,2023,author_manuscript,1,41b12a54b594c34e387c3227a3d262ac7cf0f74383813503596a6685352b021d,27,2026-09-19,identity/header only; not a new scientific read
36537918,Clinical Cancer Research,2023,author_manuscript,1,3649214abda7667258f8cb77467c1862b41e5ffd997b95466f90043cb3ed8ca0,27,2026-09-19,identity/header only; not a new scientific read
36595561,Clinical Cancer Research,2023,author_manuscript,1,a77e32adc1ac3b136bd6c60c6fd56ec1b896c8c43f4a01b3e485078622f7028f,27,2026-09-19,identity/header only; not a new scientific read
36595566,Clinical Cancer Research,2023,author_manuscript,1,990caba69198a668c127a8e2fc5aebf1391c3385d3779c12b6c8696847ae5160,19,2026-09-19,identity/header only; not a new scientific read
36602782,Clinical Cancer Research,2023,not_classified_by_header,1,6e3eacc0e7a2ae4dc587798951a88df6b5c11cb89971db391a819dbef0ce4be5,15,2026-09-19,identity/header only; not a new scientific read
36729110,Clinical Cancer Research,2023,author_manuscript,1,e7c7649ade1d943b3c74adf11f43d290af196bb6e6bdc05269c8ea20da5e2f69,12,2026-09-19,identity/header only; not a new scientific read
36794455,Clinical Cancer Research,2023,not_classified_by_header,1,96f23d0be709f142f6778b040f3f227060ba16794fd225aa475726289c31e1fa,6,2026-09-19,identity/header only; not a new scientific read
36806911,Clinical Cancer Research,2023,not_classified_by_header,1,2f4ab536536d2da10544f876b5de3e345b53dcdd6a32362ce9623a541c781a85,9,2026-09-19,identity/header only; not a new scientific read
36913537,Clinical Cancer Research,2023,author_manuscript,1,8c04a30eca937725cdd52fd2f9ed26965ae13920c3a2192730e8d9c173393991,18,2026-09-19,identity/header only; not a new scientific read
36951523,Clinical Cancer Research,2023,author_manuscript,1,bc841d96932c91e5ea83784e22a24f4ddffd4466c7019d66d9e2199fc83b3bda,12,2026-09-19,identity/header only; not a new scientific read
36971777,Clinical Cancer Research,2023,not_classified_by_header,1,6bf14b476a721f24f653b37c92f47df40c8f85342f6f36f1f5cf33d160bb0975,8,2026-09-19,identity/header only; not a new scientific read
36996322,Clinical Cancer Research,2023,author_manuscript,1,fc7a940b089a217d1af0e02c05a42bd55121bcf88b2809ba29f733d52e51c593,19,2026-09-19,identity/header only; not a new scientific read
37022784,Clinical Cancer Research,2023,author_manuscript,1,409149af5f0c676968e1fadb5d7f555d99423802a149a59030240fd8329d1fa2,14,2026-09-19,identity/header only; not a new scientific read
37071497,Clinical Cancer Research,2023,not_classified_by_header,1,ff877ce9c5fe36b57b198ded07b0f86aceac559b355c36e0806a94a90ac615c7,14,2026-09-19,identity/header only; not a new scientific read
37097069,Clinical Cancer Research,2023,author_manuscript,1,1ffbfd8c3ec0735190078b7342029c679cbd463053726b276e789392affbb2ed,5,2026-09-19,identity/header only; not a new scientific read
37097610,Clinical Cancer Research,2023,author_manuscript,1,4bbdf5563fd45f7d42ec88f21ebbaf6f70411e05e133e8754ed40141717ddecd,22,2026-09-19,identity/header only; not a new scientific read
37125965,Clinical Cancer Research,2023,not_classified_by_header,1,991a5ac99228578017d0d3f3773f8152e0832c4f1b42f5f440d353cf9d659492,26,2026-09-19,identity/header only; not a new scientific read
37154821,Clinical Cancer Research,2023,author_manuscript,1,2b5108a21dae7a04c1f818fa36e512f041e845b1c0d4015861b0041a208c5d50,22,2026-09-19,identity/header only; not a new scientific read
37219515,Clinical Cancer Research,2023,author_manuscript,1,cfdf4364daa134d7c220c8fdc5ee5a1eff65e09c6baa581571e0c86dac6775dc,13,2026-09-19,identity/header only; not a new scientific read
37223888,Clinical Cancer Research,2023,not_classified_by_header,1,e7dabadaaad1c403dcaa18849bc38cc479fd0049bf4dae74591b456dffb78724,11,2026-09-19,identity/header only; not a new scientific read
37223924,Clinical Cancer Research,2023,author_manuscript,1,00d8e967c6c522cd765194cd19430856c1cc02c0716fc0f40b1fde4d0a7e30a9,21,2026-09-19,identity/header only; not a new scientific read
37233986,Clinical Cancer Research,2023,not_classified_by_header,1,bd4e65843c51dd37f6dd39dfa5cf01bb54db376114728c5dc1c4c1113a4a21fb,9,2026-09-19,identity/header only; not a new scientific read
37233987,Clinical Cancer Research,2023,author_manuscript,1,5fab72eb0f2593f3366bde878df36dd071cb8d64f676b44a42613f9a7ee160f8,21,2026-09-19,identity/header only; not a new scientific read
37233991,Clinical Cancer Research,2023,not_classified_by_header,1,95ecc428a428f003add78d6ffe44c63a39c7dd55cf071f30a56ac89d37c5a268,11,2026-09-19,identity/header only; not a new scientific read
37249619,Clinical Cancer Research,2023,not_classified_by_header,1,9c171ed568bfa0395c5df6f21d12f4ea448cf9d90f471125458bc24dd32624c2,13,2026-09-19,identity/header only; not a new scientific read
37279096,Clinical Cancer Research,2023,author_manuscript,1,3cbe299a907a5cef025b2d576c7c8e53d8fe121f8224849f06e3bd4856bdc933,14,2026-09-19,identity/header only; not a new scientific read
37289191,Clinical Cancer Research,2023,author_manuscript,1,75f129b1681672767d2c8f5759fa16fd9bb039fe244cd11ef00f47c0ef488533,25,2026-09-19,identity/header only; not a new scientific read
37382635,Clinical Cancer Research,2023,author_manuscript,1,b85d39533d565d030ffd768912eb77d808b4e15b1aa9b1fa96f70ad3da774925,31,2026-09-19,identity/header only; not a new scientific read
37432985,Clinical Cancer Research,2023,not_classified_by_header,1,d9246bcdbb595d5143ae2d642d29ddb80ab38e5578722e7d1d4033a0881a1e36,11,2026-09-19,identity/header only; not a new scientific read
37466928,Clinical Cancer Research,2023,author_manuscript,1,bd3deefdb4b7b9f3b3bc565a73b09b9e76e7aadbd5499c5e4792289f66dd7f57,5,2026-09-19,identity/header only; not a new scientific read
37581538,Clinical Cancer Research,2023,not_classified_by_header,1,86411e4834cdcccb8094e66bef6df8788458123378ace1f41e9c0bbf48ea6dd0,9,2026-09-19,identity/header only; not a new scientific read
37702716,Clinical Cancer Research,2023,not_classified_by_header,1,4c7b132e41c715f38a67db6ebf266d7b0c48abba7fb9e0b2fd89614398b33ab0,10,2026-09-19,identity/header only; not a new scientific read
37725585,Clinical Cancer Research,2023,not_classified_by_header,1,5c0bfadce841169a9a41be0156cdfb58cc79184532cbc4e04f7e00f95c5d8073,16,2026-09-19,identity/header only; not a new scientific read
37733794,Clinical Cancer Research,2023,not_classified_by_header,1,c233223884b13f02f9ec63568d9d1520d2b9303b0fdf4e74bb575bc6010d5c6b,15,2026-09-19,identity/header only; not a new scientific read
37756581,Clinical Cancer Research,2023,not_classified_by_header,1,55756df4bd55d6209c9b8a6a4ee9ce405837a0124d047854455cd379dd7484d4,11,2026-09-19,identity/header only; not a new scientific read
37801329,Clinical Cancer Research,2024,not_classified_by_header,1,138d132e70ec5fd41bbe8069e9febd1a4b30505025bd00315c464d0ab160bb37,12,2026-09-19,identity/header only; not a new scientific read
37831007,Clinical Cancer Research,2024,author_manuscript,1,a20eceddf1cb0fcadabb1cd05ae4db0f9ab9710644d8802326ba60427a3c92f5,18,2026-09-19,identity/header only; not a new scientific read
37903180,Clinical Cancer Research,2024,not_classified_by_header,1,96f03e622dbc73aef7a9b1b3e93c8a1e2ce0b60f7d215ff048a8f7f694d615a4,4,2026-09-19,identity/header only; not a new scientific read
37939140,Clinical Cancer Research,2024,not_classified_by_header,1,66890cfa1fe930d6ac0062f53f994acd8802581891d3f443a5f2efc1a242b6ed,15,2026-09-19,identity/header only; not a new scientific read
37955563,Clinical Cancer Research,2024,author_manuscript,1,56015282837e5b01c754ecb0be506a040f494b01d3a00ef312d1342e60709fff,17,2026-09-19,identity/header only; not a new scientific read
37992307,Clinical Cancer Research,2024,not_classified_by_header,1,07a03c9668efb54ac022b89fced85045ad6a631e5960b896070ca3695e512be6,13,2026-09-19,identity/header only; not a new scientific read
38048058,Clinical Cancer Research,2024,not_classified_by_header,1,fb572c9bf2ba45494e70dce5baa68d073c46db44c861ee7c35d79efbe7bd6afb,7,2026-09-19,identity/header only; not a new scientific read
38060240,Clinical Cancer Research,2024,not_classified_by_header,1,0de8f6721ffb0248b04b46942ebd41b76d388f24906b9c852329c8619e53bfcc,13,2026-09-19,identity/header only; not a new scientific read
38088895,Clinical Cancer Research,2024,not_classified_by_header,1,27fd103bd2169ae77bec7422dce4bf67db9e3143d8761c643266bdbbce6a08a0,10,2026-09-19,identity/header only; not a new scientific read
38109210,Clinical Cancer Research,2024,author_manuscript,1,461caab73d0bac67f4caaf0eaf5f67878af00e80098024105b0139d006fd6869,14,2026-09-19,identity/header only; not a new scientific read
38127300,Clinical Cancer Research,2024,author_manuscript,1,78b4a822e2438182df4a364bdc88ab6e954c31fe9ecfec09c876cda5d88b320c,21,2026-09-19,identity/header only; not a new scientific read
38165684,Clinical Cancer Research,2024,not_classified_by_header,1,135b01733f671ce90bbb4b844cb95a24c4fec2891c7fb606b1c87f60a9b5069c,7,2026-09-19,identity/header only; not a new scientific read
38180245,Clinical Cancer Research,2024,not_classified_by_header,1,9361a0746619dd520d3ab78a28dbbc52e7e93656b51d00823ffa08c0946d1832,13,2026-09-19,identity/header only; not a new scientific read
38277235,Clinical Cancer Research,2024,not_classified_by_header,1,8d4132c375a7317b351f381f7c8fd9f9d017c9081b3d228fbc943328a082340a,14,2026-09-19,identity/header only; not a new scientific read
38277241,Clinical Cancer Research,2024,author_manuscript,1,79e0dec476a1437f2b3486f379ff8b388449c2702b4e808f18a5cf264fcfc6d0,30,2026-09-19,identity/header only; not a new scientific read
38300729,Clinical Cancer Research,2024,not_classified_by_header,1,e6fe17f7403bcb66e94d6aaad03137c6ea95e62e0c04f5d84b33ac7f5554ad19,12,2026-09-19,identity/header only; not a new scientific read
38456660,Clinical Cancer Research,2024,not_classified_by_header,1,b4d52abf19cc69ed2f28dae445d1a996d2c444f6f500858ef6ca3ec76e99434e,11,2026-09-19,identity/header only; not a new scientific read
38526394,Clinical Cancer Research,2024,not_classified_by_header,1,944f1852f18e2f4d8ad5840221755d124e110d2c9fcc87c9459f32a1ad8c551e,9,2026-09-19,identity/header only; not a new scientific read
38630790,Clinical Cancer Research,2024,author_manuscript,1,57d36af209e2ac9dba6d417fcd9b3dde63d4993c300bd3439fae303e64bd2fa7,23,2026-09-19,identity/header only; not a new scientific read
38723277,Clinical Cancer Research,2024,not_classified_by_header,1,8d7900fd1800a5caa500009427696e0aa508bd357cf9c6750b83f800ea34e162,14,2026-09-19,identity/header only; not a new scientific read
38837903,Clinical Cancer Research,2024,not_classified_by_header,1,23f46519e076bfbc65a310870262b7068d6beffa9d8ffb629c40e2cd23d08538,11,2026-09-19,identity/header only; not a new scientific read
38875108,Clinical Cancer Research,2024,author_manuscript,1,75ba59ad778f44274b9fb1bf97c5667e9062acc1439308d0feddf7b6c65f04c0,15,2026-09-19,identity/header only; not a new scientific read
38912901,Clinical Cancer Research,2024,not_classified_by_header,2,4c394b89c60b20c9aa4ca28ebd33e4ea304c0beb914e8785da0f857d4d1e5c7a;4c394b89c60b20c9aa4ca28ebd33e4ea304c0beb914e8785da0f857d4d1e5c7a,14;14,2026-09-19,identity/header only; not a new scientific read
38940666,Clinical Cancer Research,2024,author_manuscript,1,6c8060975646e0fb1de9a23e3c37eb9922d852ca65a84da2f8a0123b5514bea7,15,2026-09-19,identity/header only; not a new scientific read
38995268,Clinical Cancer Research,2024,not_classified_by_header,1,ee2312395f29f0c8a41f34b0e69f83d1a715ad038d16c9def61ff85ac2f8ac07,10,2026-09-19,identity/header only; not a new scientific read
39017606,Clinical Cancer Research,2024,not_classified_by_header,2,7d808856b1279c4ccf2e73bd159bb7680e85d00f336ee5a0b71ba0235fca23d7;7d808856b1279c4ccf2e73bd159bb7680e85d00f336ee5a0b71ba0235fca23d7,13;13,2026-09-19,identity/header only; not a new scientific read
39017667,Clinical Cancer Research,2024,not_classified_by_header,1,ab71ec6bc53338a7a6f20d8cad4652fba62947046df652cb04d800fc3f671a40,13,2026-09-19,identity/header only; not a new scientific read
39078310,Clinical Cancer Research,2024,not_classified_by_header,1,42047fe34d2e8ef804edc08b3929b2454244bc1601950b0e49dbcaca10dfaf1d,18,2026-09-19,identity/header only; not a new scientific read
39150543,Clinical Cancer Research,2024,author_manuscript,1,85104f6742b50399277d548ec3600381e1dcd77aaf6e6de02a757b1adb8e41ea,24,2026-09-19,identity/header only; not a new scientific read
39177967,Clinical Cancer Research,2024,not_classified_by_header,1,fa6408f138198144b83f513410e7c7b53b0c896b3aa7afc141a4d9b45e6d11dc,12,2026-09-19,identity/header only; not a new scientific read
39287821,Clinical Cancer Research,2024,not_classified_by_header,1,c47e51e0e6de6870f3cefb50aee774bc8098ff70ad563a5b83464803c451e55c,11,2026-09-19,identity/header only; not a new scientific read
39352721,Clinical Cancer Research,2024,not_classified_by_header,1,606dcfa357d419f4fe8bae3419b36732a2dcaa02e64a74c16afa164ef837d26b,11,2026-09-19,identity/header only; not a new scientific read
39385035,Nature,2024,not_classified_by_header,1,43eb81bea1e19a6b5060c6216c1ea74f1d3250e8c984529fa1157ac36a073a5c,42,2026-09-19,identity/header only; not a new scientific read
39400264,Clinical Cancer Research,2024,author_manuscript,1,dda6d32003f68ef9728dabddd7084d2a02e4f0eae406c03703f97c7a587a57c0,28,2026-09-19,identity/header only; not a new scientific read
39466024,Clinical Cancer Research,2025,not_classified_by_header,1,133c2b767c824d2a9b31854f827c57c272afb2d90e7cdc4c12802ea095704b3b,12,2026-09-19,identity/header only; not a new scientific read
39470668,Clinical Cancer Research,2025,not_classified_by_header,1,f87aa9ee188bb924930af06e0280eaad84163faf6ec688f23ff77fe2377b51f2,10,2026-09-19,identity/header only; not a new scientific read
39495173,Clinical Cancer Research,2025,not_classified_by_header,1,abc7996da2620f455d56d394fee656c153cb0a0bb1eb70dd483aca4477186c6d,15,2026-09-19,identity/header only; not a new scientific read
39540841,Clinical Cancer Research,2025,not_classified_by_header,1,66c9553d6966c5507facd4091428c5f166106e44ea24b656b0f2d10b89a9cfa2,16,2026-09-19,identity/header only; not a new scientific read
39545922,Clinical Cancer Research,2025,not_classified_by_header,1,29c4ac351e2abb1ff9b8478390b84146debed3f7e318459c7def256aec280588,13,2026-09-19,identity/header only; not a new scientific read
39561276,Clinical Cancer Research,2025,author_manuscript,1,03c30369b45594037665d129ff261388f690dde703b80f7cf924e6af34d9aae8,22,2026-09-19,identity/header only; not a new scientific read
39576208,Clinical Cancer Research,2025,not_classified_by_header,1,9a61e35a2b031e196a0a192f4eef601773583f9302686d7d56f5da783dd09d33,14,2026-09-19,identity/header only; not a new scientific read
39625823,Clinical Cancer Research,2025,author_manuscript,1,dabd89b8e11687c428cc7e5640d88c1bb7fbdcdad53d593c0d2d44fe90ef9fd6,4,2026-09-19,identity/header only; not a new scientific read
39651955,Clinical Cancer Research,2025,author_manuscript,1,daa642b8a1bfafe6caa07ee04843257be010103b781c07263097d88cfb1bfe5f,22,2026-09-19,identity/header only; not a new scientific read
39670974,Clinical Cancer Research,2025,not_classified_by_header,1,0745432bd82f501f47d4e0930c476889cbc19052402d59036c4291e649753274,13,2026-09-19,identity/header only; not a new scientific read
39704655,Clinical Cancer Research,2025,author_manuscript,1,ec00d3c0e9d402ef878abb5d20474d576a3c8848e59b6fc21fbddd30873487bd,18,2026-09-19,identity/header only; not a new scientific read
39786430,Clinical Cancer Research,2025,not_classified_by_header,1,161475ef37513dd386391420ab7f34295e1ad0e01f605a8baff57fde4c37e6b1,12,2026-09-19,identity/header only; not a new scientific read
39804166,Clinical Cancer Research,2025,publisher_main_pdf,1,238c89c029a713a161255a6c9bddc5f9fe03424ccbf92e6f1650239613795f03,13,2026-09-20,supplied-version identity; scientific main-read evidence in ccr-2025-genomics-2026-09-20-language.md
39821070,Clinical Cancer Research,2025,not_classified_by_header,1,5f9d04efbd88da8f05ec4f1266bcb720fdc2300a8c9d34e16364c1bc17b4da51,10,2026-09-19,identity/header only; not a new scientific read
39836372,Clinical Cancer Research,2025,not_classified_by_header,1,208c2164219030d690c494474e477bbfea5fe9178ec5c5a9b4025b5b2270312d,10,2026-09-19,identity/header only; not a new scientific read
39836411,Clinical Cancer Research,2025,author_manuscript,1,906d4aeb1ee7d47886083cbc9a82285b0b66ede112cd569c35c66fee0c80b9f6,29,2026-09-20,supplied-version identity; scientific main-read evidence in ccr-2025-genomics-2026-09-20-language.md
39841860,Clinical Cancer Research,2025,author_manuscript,1,63eade82c7979fe4853ec7687e8affb699011bc7159bd772a41bfa6a35bc34ab,17,2026-09-19,identity/header only; not a new scientific read
39853318,Clinical Cancer Research,2025,publisher_main_pdf,1,3ce365040f2b48f5b03720e1d6f3dc1fcd786ad5da6d00681c0be66d064d506c,10,2026-09-20,supplied-version identity; scientific main-read evidence in ccr-2025-genomics-2026-09-20-language.md
39864548,Journal of Thoracic Oncology,2025,not_classified_by_header,1,8338f6e348cdf1d3891b71acc163fe4b92630f688d6647fd9e5c944c875cc51c,14,2026-09-19,identity/header only; not a new scientific read
39879384,Clinical Cancer Research,2025,author_manuscript,1,fea6567636d55d307db32aef251b8f59ddd9160232cda2f87f5d8158170b526c,26,2026-09-19,identity/header only; not a new scientific read
39887260,Clinical Cancer Research,2025,publisher_main_pdf,1,abacdebcfa699a6b1d8078b9fcdb4a5bdfd96e7924b959e49ea110a44177be3c,7,2026-09-20,supplied-version identity; scientific main-read evidence in ccr-2025-genomics-2026-09-20-language.md
40047548,Clinical Cancer Research,2025,author_manuscript,1,78f46616cce817cac3cd3cf61755212f998634c587bcba518670aa46d33a9e02,23,2026-09-20,supplied-version identity; scientific main-read evidence in ccr-2025-genomics-2026-09-20-language.md
40162917,Clinical Cancer Research,2025,not_classified_by_header,1,855640641c34509ed59a6cd4403590ce4d2d0ab38ddc2ea11a8670ff9cd902e2,10,2026-09-19,identity/header only; not a new scientific read
40208070,Clinical Cancer Research,2025,author_manuscript,1,2901eb52be9132262b07e21635630793f3a4f53f977adbfe0be7db447f1391e2,33,2026-09-19,identity/header only; not a new scientific read
40247431,Clinical Cancer Research,2025,author_manuscript,1,7f571f615fe24ff7d5f573aa0c2ecd996c96e718b24e95cfd24681db3f7fed11,26,2026-09-19,identity/header only; not a new scientific read
40260627,Clinical Cancer Research,2025,not_classified_by_header,1,114ab54110a26e13e9840d7127296e8e4f5591b36a94854af35a02edf75fdd2a,8,2026-09-19,identity/header only; not a new scientific read
40261185,Clinical Cancer Research,2025,publisher_main_pdf,1,5f080a1392bfaf9703780440c4f5a296bcaa0e6aaccc191fb670fd7cdb702910,11,2026-09-20,supplied-version identity; scientific main-read evidence in ccr-2025-genomics-2026-09-20-language.md
40299768,Clinical Cancer Research,2025,not_classified_by_header,1,ec71c193a86866b66ca34dbedb600565cec934d6c96a3eacef27cc2715234ac8,14,2026-09-19,identity/header only; not a new scientific read
40310449,Clinical Cancer Research,2025,publisher_main_pdf,1,d2e88c490d060482bcc35655f828587fbb7bd0816a1bf939fb367d8bdfb885ef,10,2026-09-20,supplied-version identity; scientific main-read evidence in ccr-2025-genomics-2026-09-20-language.md
40343815,Clinical Cancer Research,2025,not_classified_by_header,1,71a29082de417bd69b45155b83dcf83aadd4da7bfa043324a0e421118c5b39c6,13,2026-09-19,identity/header only; not a new scientific read
40465424,Clinical Cancer Research,2025,not_classified_by_header,1,57542a317556047f0493db87398fa2b73321699f6ccac8eb062cb0901c49ff76,17,2026-09-19,identity/header only; not a new scientific read
40465842,Clinical Cancer Research,2025,author_manuscript,1,a1139c78174c16d98f0e9f9cfe11d17f6cdd4c374b6e0f80d254763a8a68f9a3,25,2026-09-20,supplied-version identity; scientific main-read evidence in ccr-2025-genomics-2026-09-20-language.md
40499141,Clinical Cancer Research,2025,not_classified_by_header,1,3ba4cd5e47170a4e5708791640a1ca56392880ca67fbf081c726c631ccc33480,13,2026-09-19,identity/header only; not a new scientific read
40552922,Clinical Cancer Research,2025,not_classified_by_header,1,4f56f5d0b66936052dda520852f33b96b3f84a702817afa139bfa58f45149930,9,2026-09-19,identity/header only; not a new scientific read
40553459,Clinical Cancer Research,2025,not_classified_by_header,1,f402ec2a720d530a7a06fe3d071c7b30ba027e13806ee9018a332cd2851d9fd5,7,2026-09-19,identity/header only; not a new scientific read
40788282,Clinical Cancer Research,2025,author_manuscript,1,d9291b48f844b74c1c85070adb9c2a434ccdce181d970dd0815afd0c2bb908f2,13,2026-09-19,identity/header only; not a new scientific read
40828417,Clinical Cancer Research,2025,author_manuscript,2,faeb181555ad893803bce649c4f4c2a4d7c79fbeef6783967751a1551a689aee;faeb181555ad893803bce649c4f4c2a4d7c79fbeef6783967751a1551a689aee,37;37,2026-09-19,identity/header only; not a new scientific read
40853904,Clinical Cancer Research,2025,not_classified_by_header,1,fb009024c7a6364156d82052fa5b09df94f4e6783f5f107497ae97286c3414ea,18,2026-09-19,identity/header only; not a new scientific read
40864503,Clinical Cancer Research,2025,not_classified_by_header,1,2cd656d2434bf72d0e7775071ae755b3e5bc16fe7c9f1a1d6e0d75a82dd49efb,12,2026-09-19,identity/header only; not a new scientific read
40880183,Clinical Cancer Research,2025,author_manuscript,1,2f77a2ccf539d6677e12db2da7bf8945b36b7cb60f9cc02ed328d268de3b46de,23,2026-09-19,identity/header only; not a new scientific read
40911432,Clinical Cancer Research,2025,author_manuscript,1,41167577d5ace8d816fe1918994c423b8da4ac2a1c8747497790a2f655d22be9,20,2026-09-19,identity/header only; not a new scientific read
40928991,Clinical Cancer Research,2025,not_classified_by_header,1,ec06e8aa9f4092d2cfcae78feb39e172127855f1fa4f50c837b72933f77538ea,10,2026-09-19,identity/header only; not a new scientific read
40932352,Clinical Cancer Research,2025,not_classified_by_header,1,ee1d338d81dc97b8a055efd733c1e4f63e0768cf9b5b922d6e0de81cd3462c93,11,2026-09-19,identity/header only; not a new scientific read
41026583,Clinical Cancer Research,2025,author_manuscript,1,1b801192d1d1b8a3749a7c341bc177743a0db66a9cdb670995d1cf2c3e5967b9,36,2026-09-19,identity/header only; not a new scientific read
41065506,Clinical Cancer Research,2025,author_manuscript,1,a7c7f0c2c6f99bc2fd2f37f7b0dea1b1b44efbbbed12fb9eda524402cb6eacdb,24,2026-09-19,identity/header only; not a new scientific read
41252574,Clinical Cancer Research,2026,not_classified_by_header,1,b10dcb1f18900dcc57fc156636e4d75572461e63f2b323682a9763cfb84b426f,12,2026-09-19,identity/header only; not a new scientific read
41378983,Clinical Cancer Research,2026,not_classified_by_header,1,b244855ca3eecba87cf8b74885e4367a350f60c9e0c70a382eeab746be83a756,6,2026-09-19,identity/header only; not a new scientific read
41400436,Clinical Cancer Research,2026,not_classified_by_header,1,d848d2481ed65b85c750971adeab057b3dd41c20c37d0bdf61f77383f6aeca85,17,2026-09-19,identity/header only; not a new scientific read
41417462,Clinical Cancer Research,2026,not_classified_by_header,1,3532ee70eef471e66046f91cdccae0621581006f8941e502f5a3d124a93f9556,10,2026-09-19,identity/header only; not a new scientific read
41537692,Clinical Cancer Research,2026,not_classified_by_header,1,a4ebfbd8f9ac55bf5faa983cc81c3fb6996fa65578010624e99305cb9e1e61ad,8,2026-09-19,identity/header only; not a new scientific read
41537704,Clinical Cancer Research,2026,author_manuscript,1,bfbfba3545e7b853aecf493f8b6d841c12e06e1862a78140a7f0624cfe5ba50f,26,2026-09-19,identity/header only; not a new scientific read
41543339,Clinical Cancer Research,2026,author_manuscript,1,45204c45a69ae68b0638491874ccacdb46d8901b041bb75aa34aea43c950f805,28,2026-09-19,identity/header only; not a new scientific read
41556942,Clinical Cancer Research,2026,author_manuscript,1,09fb3bd89d04ddfd8f3472f521119f54f94eb0172f145af120107cff5ee56f6b,21,2026-09-19,identity/header only; not a new scientific read
41587109,Clinical Cancer Research,2026,author_manuscript,1,9b72e0427f0104845a88825ed201d6329d771c82dfa0590ab4c55797cc8f06c0,11,2026-09-19,identity/header only; not a new scientific read
41591979,Clinical Cancer Research,2026,not_classified_by_header,1,960d70597757aec5fa91c6a290abc8d7eda2e90b1275dbf4c295cd6619345630,12,2026-09-19,identity/header only; not a new scientific read
41619904,Journal of Thoracic Oncology,2026,journal_preproof,1,703afa02a0dc2172c405143d86ab11f7b4fcd06f9036207daf1a955245dac0e8,34,2026-09-19,identity/header only; not a new scientific read
41649868,Clinical Cancer Research,2026,not_classified_by_header,1,3c58386c56034027dd51929869c48790f4e8cb013ad0f5d09079235138d07456,11,2026-09-19,identity/header only; not a new scientific read
41671081,Clinical Cancer Research,2026,not_classified_by_header,1,e0141d0bf0c989e342ae743ff63937d442aefd05c0466e8785569603c2772f49,8,2026-09-19,identity/header only; not a new scientific read
41701940,Clinical Cancer Research,2026,not_classified_by_header,1,57cfb38e803b39a56f674994b339ce26dfb36cb570e5f66eee743da611af544e,15,2026-09-19,identity/header only; not a new scientific read
41779007,Clinical Cancer Research,2026,author_manuscript,1,abfd3ae200ba390a738ca9f2caa7f7104c606eb223e908657bcebfb0909f2378,19,2026-09-19,identity/header only; not a new scientific read
41784525,Clinical Cancer Research,2026,not_classified_by_header,1,a1a7f53151e17fcf45be6984758f0c00db737c19852a235f69bd1c527ec4085d,16,2026-09-19,identity/header only; not a new scientific read
41790029,Clinical Cancer Research,2026,not_classified_by_header,1,a2d0e5b81aff98db74418e096d51448714df3668bd578d01e4f14936579b88d5,11,2026-09-19,identity/header only; not a new scientific read
41801128,Clinical Cancer Research,2026,not_classified_by_header,1,fbf72b6e41019b99e57a5f2df5bd8a5c118cb6ae7f426de4c3b00f9f34ffd076,13,2026-09-19,identity/header only; not a new scientific read
41805895,Clinical Cancer Research,2026,not_classified_by_header,1,3e2d608d146248fa068845698e53f2d8ceec92d920853cf6f1a19852ec1fa65d,14,2026-09-19,identity/header only; not a new scientific read
41817317,Clinical Cancer Research,2026,not_classified_by_header,1,d4223e167da2991a60f942aa6a44935806075ca4464d1d9ba693ada1133ebc32,12,2026-09-19,identity/header only; not a new scientific read
41837748,Clinical Cancer Research,2026,not_classified_by_header,1,da9acee79d02881bfe116e21110d915d686d3467fd73673b94ff5b53c19adaaf,20,2026-09-19,identity/header only; not a new scientific read
41849236,Clinical Cancer Research,2026,not_classified_by_header,1,b7207ca182930ec9bff8c0a2ee754d2a211ec31db19ed7d45339a74f88f7d4d1,13,2026-09-19,identity/header only; not a new scientific read
41870274,Clinical Cancer Research,2026,not_classified_by_header,1,926c2d776ad197b858c3af1ccf7e32f47347d4382e8a491b5c503e0d7f5b157a,14,2026-09-19,identity/header only; not a new scientific read
41894181,Clinical Cancer Research,2026,not_classified_by_header,1,754824d63c507f9d574334fbbd85ba09279ac678d5272b0ef4c40e46375a819c,9,2026-09-19,identity/header only; not a new scientific read
41920765,Clinical Cancer Research,2026,author_manuscript,1,853084080c5ddfd54f08d3e84b1151016faa306f440d90f60afadcb35996ca6c,29,2026-09-19,identity/header only; not a new scientific read
41932614,Journal of Thoracic Oncology,2026,journal_preproof,1,aee848e880e40d6e2304535aa0cf7e8fa2d2421d8898388b114d42ef9e6c5c7d,25,2026-09-19,identity/header only; not a new scientific read
41945490,Clinical Cancer Research,2026,not_classified_by_header,1,033688bef8b5a5c2033acb0a226969add897cd0a2c6c0635933a47f752d57b79,56,2026-09-19,identity/header only; not a new scientific read
41945491,Clinical Cancer Research,2026,not_classified_by_header,1,f6638a46d70803e918682e787cb99026158c7664206ed5ebea986df899ab2101,22,2026-09-19,identity/header only; not a new scientific read
41945500,Clinical Cancer Research,2026,not_classified_by_header,1,5a85b85cd6b5dcb8ba5a9f1e4e4b8f3940d2b69e4273f1ad79ebd6fb64462df0,19,2026-09-19,identity/header only; not a new scientific read
42001480,Clinical Cancer Research,2026,not_classified_by_header,1,c97a1ba442ab42c5aa6b1a52c2afd3a878c1e7348591f9e07f9a88cbe3e7633f,16,2026-09-19,identity/header only; not a new scientific read
42007996,Clinical Cancer Research,2026,not_classified_by_header,1,b0ab61a93adb49cb833a5b5f2450780cc466e007c8d6434005298d8fd78660dd,43,2026-09-19,identity/header only; not a new scientific read
42008740,Clinical Cancer Research,2026,not_classified_by_header,1,feff25b212c1f12a774d5ea63f6bc8371cf465fa10aa7a73ed0677243719e2c0,13,2026-09-19,identity/header only; not a new scientific read
42013305,Clinical Cancer Research,2026,author_manuscript,1,f23337ff413676dfbf8ce144bec5585a129095f7adeed4ca33c092fe5b6473e8,36,2026-09-19,identity/header only; not a new scientific read
42048384,Clinical Cancer Research,2026,not_classified_by_header,1,8f9bb79543f61be72b3b4e479b0bac56bf83d433c65ff4c54a839246aa1b1dd4,11,2026-09-19,identity/header only; not a new scientific read
42059900,Clinical Cancer Research,2026,not_classified_by_header,1,0d6f89fdf4bb2b9c37b86d65b882c8599f86c5abfdeab72f9b7d43937086adc1,44,2026-09-19,identity/header only; not a new scientific read
42113010,Clinical Cancer Research,2026,not_classified_by_header,1,9e04e45a09ce18a75d3101b49bbd59888cfa5cefaf3cf69cd0a3e2d547f06427,12,2026-09-19,identity/header only; not a new scientific read
42126592,Clinical Cancer Research,2026,author_manuscript,1,f75b973ff4b6c3042091d755cf4924c18b3f2bdeffaf7323661099a89bb5c67d,26,2026-09-19,identity/header only; not a new scientific read
42148884,Clinical Cancer Research,2026,not_classified_by_header,1,f23730446e1c1a9c269ed732162991ed10599de0a2271478d5877a4788ddb342,15,2026-09-19,identity/header only; not a new scientific read
42149140,Clinical Cancer Research,2026,not_classified_by_header,1,6f3d3d9703597c317cf3bb525f48561e642fea87a94f461e61d721589a24cd49,37,2026-09-19,identity/header only; not a new scientific read
42189883,Clinical Cancer Research,2026,not_classified_by_header,1,a18d08856f0a655751efcbf99d4cde538901e202ab718d1295da314633d0775a,11,2026-09-19,identity/header only; not a new scientific read
42207168,Clinical Cancer Research,2026,author_manuscript,1,a59711a38d6f57596977129879c2c41774b405a5a0b473b42114fb99d423cec5,21,2026-09-19,identity/header only; not a new scientific read
42207176,Clinical Cancer Research,2026,not_classified_by_header,1,042a3e8c01c3e52baf00f21a58e3ab425f51180e3a132f8873334c87b8cac27f,13,2026-09-19,identity/header only; not a new scientific read
42268349,Clinical Cancer Research,2026,not_classified_by_header,1,13b1e175a3abd35ebab4757b894277bf29274068d00d98d01197b68ffc01f766,24,2026-09-19,identity/header only; not a new scientific read
42307634,Clinical Cancer Research,2026,not_classified_by_header,1,cf94aa472650b1be71268bb4631a7d4592d245715c2af548f007479a1a28f156,19,2026-09-19,identity/header only; not a new scientific read
42360104,Clinical Cancer Research,2026,not_classified_by_header,1,a0e653e0849a115ee470172fc4eb0d55915218b13ca176ba178315ddd832d97d,14,2026-09-19,identity/header only; not a new scientific read
42405849,Clinical Cancer Research,2026,author_manuscript,1,479a9cbb871a3396c14f060e01055ffa123791276a20ea26ffb5051535030e69,21,2026-09-19,identity/header only; not a new scientific read
42409117,Journal of Thoracic Oncology,2026,not_classified_by_header,1,c7944045c108c89f589b81272b5d0b997bda46bc9b6065d48e12941f7cba8729,17,2026-09-19,identity/header only; not a new scientific read
42440354,Clinical Cancer Research,2026,not_classified_by_header,1,118a92229dd085d634a41eeb6f660597dd3b353b6e6ff9e8660aaf216dda0112,10,2026-09-19,identity/header only; not a new scientific read
42440361,Clinical Cancer Research,2026,not_classified_by_header,1,1fd990e640ed70962f9aa5d382afad178bb0bf94dfa9f85f64f43a2af1005285,13,2026-09-19,identity/header only; not a new scientific read
42440365,Clinical Cancer Research,2026,not_classified_by_header,1,695969257a3985ecf06f4ea45167e35594ccffd6db97fca76f37eb4edc9cfb07,11,2026-09-19,identity/header only; not a new scientific read
42446521,Clinical Cancer Research,2026,not_classified_by_header,1,61d0a2e7c6cda3c9fa5a06eb144d83504a838a1df4733e9205c190a17e6eff84,39,2026-09-19,identity/header only; not a new scientific read
42456046,Clinical Cancer Research,2026,not_classified_by_header,1,c795f9d233acd688cca4a87407fe7a0a2c8e863c69b8c9833d696982ced28855,44,2026-09-19,identity/header only; not a new scientific read
42478960,Clinical Cancer Research,2026,not_classified_by_header,1,380fbc732a8591d3510bc26b13a328f9162103e685d6c95cb35cd38253595f3e,22,2026-09-19,identity/header only; not a new scientific read
42485106,Clinical Cancer Research,2026,not_classified_by_header,1,4844b3589ded1523689287e2216b87d50240e0ff44a9581c55c6e6972dfdffee,13,2026-09-19,identity/header only; not a new scientific read
42489696,Clinical Cancer Research,2026,not_classified_by_header,1,e5a3272d4c1482b8e4b7eddc4b63bed91c50aeace6093be1f55f9141b5aba5a5,19,2026-09-19,identity/header only; not a new scientific read
42507540,Clinical Cancer Research,2026,not_classified_by_header,1,f226fc922c5738b9149940f91542ee0465fa98f42c8c48d0e045b90927fe751c,38,2026-09-19,identity/header only; not a new scientific read
42507545,Clinical Cancer Research,2026,not_classified_by_header,1,54b667455f7662b67a11643f6e741a7cdab3dac36965a549f956c578e89ddf7b,14,2026-09-19,identity/header only; not a new scientific read
42574065,Clinical Cancer Research,2026,not_classified_by_header,1,f5305a5ac76a1d38251640a2a26ce5d9f5ea4d45f069f0534f8b2df6d2f0f1f3,48,2026-09-19,identity/header only; not a new scientific read
42578969,Clinical Cancer Research,2026,not_classified_by_header,1,dd9b429c0e7427258acefcafd9ab5dae4197d28961492de50f1b2c02927baff8,35,2026-09-19,identity/header only; not a new scientific read
42599160,Clinical Cancer Research,2026,not_classified_by_header,1,ef4a6b6b372e325393cce618fa36c119cf0df5956b9a418eec04d759de089c5f,26,2026-09-19,identity/header only; not a new scientific read
42658187,Clinical Cancer Research,2026,not_classified_by_header,1,f3724ccdfced8d9cf761a9fb2ecda5f76f40203e360e482dbf5c57ea063c3ba3,34,2026-09-19,identity/header only; not a new scientific read
42714840,Clinical Cancer Research,2026,not_classified_by_header,1,02e6cd4830125b06e0c538a5c9f2a456cb0e5a69af4325c1019808a38517f78d,34,2026-09-19,identity/header only; not a new scientific read
42714874,Clinical Cancer Research,2026,not_classified_by_header,1,a639345437ffb86cf289777c1fb625b222681df410474ff87a82a0ecd7e12da3,38,2026-09-19,identity/header only; not a new scientific read
42714875,Clinical Cancer Research,2026,not_classified_by_header,1,6dc414e1c08ef98dab5ea15dc7fea2739e8e85c0fcd054d82b417504bb603551,33,2026-09-19,identity/header only; not a new scientific read
42752799,Clinical Cancer Research,2026,not_classified_by_header,1,37ce809687b69f9b10c30a0a4324186ff938b8e6bcd37c3935a5453ce45ef9d2,39,2026-09-19,identity/header only; not a new scientific read
39932457,Clinical Cancer Research,2025,publisher_main_pdf,1,673fef02fcf4f5915ab5d3ad250b0a6761df9788183d67fff76d28f2a605637b,9,2026-09-20,supplied-version identity; scientific main-read evidence in ccr-2025-genomics-2026-09-20-language.md
40704901,Clinical Cancer Research,2025,author_manuscript,1,3db22f4a9c560ee2b812ebdb6fd27d90d381012c26870125517dfa16287e4a3e,20,2026-09-20,supplied-version identity; scientific main-read evidence in ccr-2025-genomics-2026-09-20-language.md
40388547,Clinical Cancer Research,2025,author_manuscript,1,7e65c9ba1fa23e5a530c6200390493b9f54dd650e4181833d3b416572f53f1db,25,2026-09-20,supplied-version identity; scientific main-read evidence in ccr-2025-genomics-2026-09-20-language.md
39437011,Clinical Cancer Research,2025,publisher_main_pdf,1,f83aaeeaec6b37dc72abec6c96f08e5da7cdcc43b8b38368817906df87184865,13,2026-09-20,supplied-version identity; scientific main-read evidence in ccr-2025-genomics-2026-09-20-language.md
39620930,Clinical Cancer Research,2025,publisher_main_pdf,1,49f763c630f8436daf29b1356d72682f010c4be033d55e6e1487ca32d457e6ec,17,2026-09-20,supplied-version identity; scientific main-read evidence in ccr-2025-genomics-2026-09-20-language.md
