pmid,year,journal,title,doi,jif_over_10_in_2025_snapshot,source_pdf,physical_pages,sha256,reading_stage,review_status,supplement_status,language_units,reading_note,language_note
26833127,2016,Cancer Research,STK11/LKB1 deficiency promotes neutrophil recruitment and proinflammatory cytokine production to suppress T cell activity in the lung tumor microenvironment,10.1158/0008-5472.CAN-15-1439,yes,PMID26833127_cancer-research_2016.pdf,17,31c3737e143d255b1ff62237a992c4b07fa90279e61a901a657f94782849ef35,main_text_deep_read_complete,not_reviewed,not_supplied,13,cancer-research-2016-26833127-reading.md,cancer-research-2016-26833127-language.md
28538732,2017,Nature,CPS1 maintains pyrimidine pools and DNA synthesis in KRAS/LKB1-mutant lung cancer cells,10.1038/nature22359,yes,PMID28538732_nature_2017.pdf,32,bafc1ec0f06ba2a9612a5ef33efb7479247af9cc84a7726ba9613d4a5b143bbf,main_text_deep_read_complete,not_reviewed,partially_reviewed,10,nature-2017-28538732-reading.md,nature-2017-28538732-language.md
30297358,2019,Cancer Discovery,Suppression of STING Associated with LKB1 Loss in KRAS-Driven Lung Cancer,10.1158/2159-8290.CD-18-0689,yes,PMID30297358_cancer-discovery_2019.pdf,12,9ba434211d6a6ffba3073ee21ba4d702cc618fb9e7deb2b27820963cd2f3916c,main_text_deep_read_complete,not_reviewed,not_supplied,10,cancer-discovery-2019-30297358-reading.md,cancer-discovery-2019-30297358-language.md
31040157,2019,Cancer Research,LKB1 and KEAP1/NRF2 Pathways Cooperatively Promote Metabolic Reprogramming with Enhanced Glutamine Dependence in KRAS-Mutant Lung Adenocarcinoma,10.1158/0008-5472.CAN-18-3527,yes,PMID31040157_cancer-research_2019.pdf,17,a704985e0bdf3872c79f50ad2b9a35eab146054db4773d41f960f1c236b7ed36,main_text_deep_read_complete,not_reviewed,not_supplied,13,cancer-research-2019-31040157-reading.md,cancer-research-2019-31040157-language.md
32649874,2020,Cell,Proteogenomic Characterization Reveals Therapeutic Vulnerabilities in Lung Adenocarcinoma,10.1016/j.cell.2020.06.013,yes,PMID32649874_cell_2020.pdf,84,e9ae7ed13ea2fa7c1a30f90a40fa1a0b7a2d31eca83f1c34bfdeb17388b8caa4,main_text_deep_read_complete,not_reviewed,partially_reviewed,12,cell-2020-32649874-reading.md,cell-2020-32649874-language.md
32312757,2020,ESMO Open,STK11 and KEAP1 mutations as prognostic biomarkers in an observational real-world lung adenocarcinoma cohort,10.1136/esmoopen-2020-000706,yes,PMID32312757_esmo-open_2020.pdf,6,770c1ab2ad06176f4f542f77744a23336e61c8139c11e0c259254ac9d3ad7bfe,main_text_deep_read_complete,not_reviewed,not_supplied,10,esmo-open-2020-32312757-reading.md,esmo-open-2020-32312757-language.md
36150391,2022,Cancer Cell,MPS1 inhibition primes immunogenicity of KRAS-LKB1 mutant lung cancer,10.1016/j.ccell.2022.08.015,yes,PMID36150391_cancer-cell_2022.pdf,26,af110d8b7dd12ac9297abbd1ef37c7f8e58ffd73564806ebd179853c55c2fba5,main_text_deep_read_complete,not_reviewed,partially_reviewed,12,cancer-cell-2022-36150391-reading.md,cancer-cell-2022-36150391-language.md
34740862,2022,Journal of Thoracic Oncology,Diminished Efficacy of Programmed Death-(Ligand)1 Inhibition in STK11- and KEAP1-Mutant Lung Adenocarcinoma Is Affected by KRAS Mutation Status,10.1016/j.jtho.2021.10.013,yes,PMID34740862_jto_2022.pdf,12,0b949840772064fbcef9db32662636a498819e74e25578b1288b6c67c71828bf,main_text_deep_read_complete,not_reviewed,not_supplied,10,jto-2022-34740862-reading.md,jto-2022-34740862-language.md
36793385,2023,JTO Clinical and Research Reports,Associations of Tissue Tumor Mutational Burden and Mutational Status With Clinical Outcomes With Pembrolizumab Plus Chemotherapy Versus Chemotherapy for Metastatic NSCLC,10.1016/j.jtocrr.2022.100431,no,PMID36793385_jto-crr_2023.pdf,13,06c4390f4e034c1939a0697fa57c0db477b953a4371ebda12a701c38640dcc6e,main_text_deep_read_complete,not_reviewed,not_supplied,10,jto-crr-2023-36793385-reading.md,jto-crr-2023-36793385-language.md
39207369,2024,Cancer Research,Live-Cell Invasive Phenotyping Uncovers ALK2 as a Therapeutic Target in LKB1-Mutant Lung Cancer,10.1158/0008-5472.CAN-23-2631,yes,PMID39207369_cancer-research_2024.pdf,11,9cae781bbcd99d4cf78825af5a56679af062cc6ba213707c89616343ad276673,main_text_deep_read_complete,not_reviewed,not_supplied,13,cancer-research-2024-39207369-reading.md,cancer-research-2024-39207369-language.md
38330261,2024,JCO Precision Oncology,Influence of TP53 Comutation on the Tumor Immune Microenvironment and Clinical Outcomes With Immune Checkpoint Inhibitors in STK11-Mutant Non-Small-Cell Lung Cancer,10.1200/PO.23.00371,no,PMID38330261_jco-precision-oncology_2024.pdf,16,a857dc76c6e48264ede67f3db00de32212c31706b9030c906ef321cc065da2fc,main_text_deep_read_complete,not_reviewed,partially_reviewed,12,jco-precision-oncology-2024-38330261-reading.md,jco-precision-oncology-2024-38330261-language.md
38997257,2024,Nature Communications,Glucose-6-phosphate dehydrogenase maintains redox homeostasis and biosynthesis in LKB1-deficient KRAS-driven lung cancer,10.1038/s41467-024-50157-8,yes,PMID38997257_nature-communications_2024.pdf,18,c9494ca9d5a7df98586f12a7716144997699c9a789ea0aa85cb773334c5d3457,main_text_deep_read_complete,not_reviewed,not_supplied,10,nature-communications-2024-38997257-reading.md,nature-communications-2024-38997257-language.md
38877143,2024,Nature Metabolism,Concurrent loss of LKB1 and KEAP1 enhances SHMT-mediated antioxidant defence in KRAS-mutant lung cancer,10.1038/s42255-024-01066-z,yes,PMID38877143_nature-metabolism_2024.pdf,55,0fa6af31aba05532754f07d76c377be185736216180c29d3bbcba52a96ffab67,main_text_deep_read_complete,not_reviewed,partially_reviewed,17,nature-metabolism-2024-38877143-reading.md,nature-metabolism-2024-38877143-language.md
39637943,2025,Annals of Oncology,"Lung adenocarcinomas with mucinous histology: clinical, genomic, and immune microenvironment characterization and outcomes to immunotherapy-based treatments and KRASG12C inhibitors",10.1016/j.annonc.2024.11.014,yes,PMID39637943_annals-of-oncology_2025.pdf,22,4cb7a2caaed55c7197e899810cf5c03cdf032d71e0f6852ae37a285a49771092,main_text_deep_read_complete,not_reviewed,not_supplied,10,annals-of-oncology-2025-39637943-reading.md,annals-of-oncology-2025-39637943-language.md
40645185,2025,Cancer Cell,KEAP1 and STK11/LKB1 alterations enhance vulnerability to ATR inhibition in KRAS mutant non-small cell lung cancer,10.1016/j.ccell.2025.06.011,yes,PMID40645185_cancer-cell_2025.pdf,46,a1651a96a16821ba5cc5da97b4c9659c1f6b1708f05a1147a50b45d853994207,main_text_deep_read_complete,not_reviewed,partially_reviewed,12,cancer-cell-2025-40645185-reading.md,cancer-cell-2025-40645185-language.md
40749670,2025,Cancer Cell,Integrative analysis of lung adenocarcinoma across diverse ethnicities and exposures,10.1016/j.ccell.2025.07.011,yes,PMID40749670_cancer-cell_2025.pdf,64,de58caa8636829bc3a3fe8c394d61c062ca360bf007440cfe19b9d1208e1265e,main_text_deep_read_complete,not_reviewed,partially_reviewed,12,cancer-cell-2025-40749670-reading.md,cancer-cell-2025-40749670-language.md
40198901,2025,Cancer Research,SCD1 Inhibition Blocks the AKT-NRF2-SLC7A11 Pathway to Induce Lipid Metabolism Remodeling and Ferroptosis Priming in Lung Adenocarcinoma,10.1158/0008-5472.CAN-24-2745,yes,PMID40198901_cancer-research_2025.pdf,39,ce4a7e9558e46aeb9cc54e777e9f08159b7e6ebf295b27abcea4ff7cc6721e1b,main_text_deep_read_complete,not_reviewed,not_supplied,16,cancer-research-2025-40198901-reading.md,cancer-research-2025-40198901-language.md
40830141,2025,Nature Communications,Integrated molecular and clinical characterization of pulmonary large cell neuroendocrine carcinoma,10.1038/s41467-025-63091-0,yes,PMID40830141_nature-communications_2025.pdf,15,8458f02c4a8021b063fab27458f8105c9e290c2fa4e8223a064b258323254f38,main_text_deep_read_complete,not_reviewed,not_supplied,10,nature-communications-2025-40830141-reading.md,nature-communications-2025-40830141-language.md
