pmid,journal_id,journal,year,title,doi,source_pdf,sha256,physical_pages,supplied_pdf_version,reading_stage,main_read_completed_on,review_status,supplement_status,supplement_scope,language_asset,language_entries,stk11_highlight
38177135,sttt,Signal Transduction and Targeted Therapy,2024,Josephin domain containing 2 (JOSD2) promotes lung cancer by inhibiting LKB1 (Liver kinase B1) activity.,10.1038/s41392-023-01706-y,Yuan_Josephin_domain_containing_2_JOSD2_promotes_lung_cancer_by_i_PMID38177135_publisher_typeset_pdf.pdf,877e035371ff8504be0b228f199f7bec0dc0ed600a22d15c42c1fc6bc7883c19,16,publisher_typeset_pdf,main_text_deep_read_complete,2026-09-29,not_reviewed,not_supplied,Separate supplementary files not supplied or reviewed,sttt-2024-38177135-language.md,18,no
41345544,cell-research,Cell Research,2025,Genomic and transcriptomic dynamics in the stepwise progression of lung adenocarcinoma.,10.1038/s41422-025-01200-w,Fu_Genomic_and_transcriptomic_dynamics_in_the_stepwise_progress_PMID41345544_publisher_typeset_pdf.pdf,ac9bf90237ad54f900d9d973be786aa52cd4c0f1ee7d5da923fee58835217e53,19,publisher_typeset_pdf,main_text_deep_read_complete,2026-09-29,not_reviewed,not_supplied,Separate supplementary files not supplied or reviewed,cell-research-2025-41345544-language.md,22,no
38351187,nature-medicine,Nature Medicine,2024,Biomarker-directed targeted therapy plus durvalumab in advanced non-small-cell lung cancer: a phase 2 umbrella trial.,10.1038/s41591-024-02808-y,Besse_Biomarker_directed_targeted_therapy_plus_durvalumab_in_advan_PMID38351187_publisher_typeset_pdf.pdf,1c4aaf5efab5191cf8f0590521e10c21909158e748aa430b37f9c5a14d45158f,32,publisher_typeset_pdf,main_text_deep_read_complete,2026-09-29,not_reviewed,partially_reviewed,Embedded extended/supplementary materials read as itemized in article note; external supplementary files not supplied,nature-medicine-2024-38351187-language.md,21,no
35190375,jitc,Journal for ImmunoTherapy of Cancer,2022,"Clinical efficacy of atezolizumab plus bevacizumab and chemotherapy in KRAS-mutated non-small cell lung cancer with STK11, KEAP1, or TP53 comutations: subgroup results from the phase III IMpower150 trial.",10.1136/jitc-2021-003027,West_Clinical_efficacy_of_atezolizumab_plus_bevacizumab_and_chemo_PMID35190375_publisher_typeset_pdf.pdf,362ded0b800f8d28e1a0d14ff34b7b55e57853c469cebfcc05452a5e1ecd69ca,12,publisher_typeset_pdf,main_text_deep_read_complete,2026-09-29,not_reviewed,not_supplied,Separate supplementary files not supplied or reviewed,jitc-2022-35190375-language.md,25,no
38402609,cancer-cell,Cancer Cell,2024,Adeno-to-squamous transition drives resistance to KRAS inhibition in LKB1 mutant lung cancer.,10.1016/j.ccell.2024.01.012,Tong_Adeno_to_squamous_transition_drives_resistance_to_KRAS_inhib_PMID38402609_publisher_typeset_pdf.pdf,0a7287cdaad97eab2579f96659e4439b6bceaf5727519ebebeeaa6586af5a0c9,41,publisher_typeset_pdf,main_text_deep_read_complete,2026-09-29,not_reviewed,partially_reviewed,Embedded extended/supplementary materials read as itemized in article note; external supplementary files not supplied,cancer-cell-2024-38402609-language.md,22,no
37121400,annals-of-oncology,Annals of Oncology,2023,Molecular markers of metastatic disease in KRAS-mutant lung adenocarcinoma.,10.1016/j.annonc.2023.04.514,Boiarsky_Molecular_markers_of_metastatic_disease_in_KRAS_mutant_lung__PMID37121400_author_manuscript.pdf,4cf4fbc68847da8359b3b3b15118cfbe5a7f932fbcf46b74855ba313cded8b07,29,author_manuscript,main_text_deep_read_complete,2026-09-29,not_reviewed,not_supplied,Separate supplementary files not supplied or reviewed,annals-of-oncology-2023-37121400-language.md,19,no
36526124,annals-of-oncology,Annals of Oncology,2023,Clonal KEAP1 mutations with loss of heterozygosity share reduced immunotherapy efficacy and low immune cell infiltration in lung adenocarcinoma.,10.1016/j.annonc.2022.12.002,Scalera_Clonal_KEAP1_mutations_with_loss_of_heterozygosity_share_red_PMID36526124_publisher_typeset_pdf.pdf,52b72568bd0d28d78356b3ce72a4ce64d5fcf52e4f5eb24daab278a396dd4e00,14,publisher_typeset_pdf,main_text_deep_read_complete,2026-09-29,not_reviewed,not_supplied,Separate supplementary files not supplied or reviewed,annals-of-oncology-2023-36526124-language.md,19,no
36709038,annals-of-oncology,Annals of Oncology,2023,Associations of tissue tumor mutational burden and mutational status with clinical outcomes in KEYNOTE-042: pembrolizumab versus chemotherapy for advanced PD-L1-positive NSCLC.,10.1016/j.annonc.2023.01.011,Mok_Associations_of_tissue_tumor_mutational_burden_and_mutationa_PMID36709038_publisher_typeset_pdf.pdf,ebb2b3c3351f21fd5c033a14b1b334a5050f16bc5052329fe43a62fe2a8b0755,12,publisher_typeset_pdf,main_text_deep_read_complete,2026-09-29,not_reviewed,not_supplied,Separate supplementary files not supplied or reviewed,annals-of-oncology-2023-36709038-language.md,25,no
34450259,jto,Journal of Thoracic Oncology,2021,"KEAP1 and TP53 Frame Genomic, Evolutionary, and Immunologic Subtypes of Lung Adenocarcinoma With Different Sensitivity to Immunotherapy.",10.1016/j.jtho.2021.08.010,Scalera_KEAP1_and_TP53_Frame_Genomic_Evolutionary_and_Immunologic_Su_PMID34450259_publisher_typeset_pdf.pdf,70a6c24b0f55a9e4bff9867e3f304369d2948bbeb176b4f48e9eb687f4fe696a,13,publisher_typeset_pdf,main_text_deep_read_complete,2026-09-29,not_reviewed,not_supplied,Separate supplementary files not supplied or reviewed,jto-2021-34450259-language.md,21,no
36535627,jto,Journal of Thoracic Oncology,2023,Single-Cell Analysis Reveals Transcriptomic Features of Drug-Tolerant Persisters and Stromal Adaptation in a Patient-Derived EGFR-Mutated Lung Adenocarcinoma Xenograft Model.,10.1016/j.jtho.2022.12.003,Moghal_Single_Cell_Analysis_Reveals_Transcriptomic_Features_of_Drug_PMID36535627_publisher_typeset_pdf.pdf,4dcc98c7cb4b2cd6f1e0a5a4f18d720c4bc0c0a458f4340d55968010eaa52a5f,19,publisher_typeset_pdf,main_text_deep_read_complete,2026-09-29,not_reviewed,not_supplied,Separate supplementary files not supplied or reviewed; supplied PDF includes checked erratum 10.1016/j.jtho.2023.06.001,jto-2023-36535627-language.md,19,no
36948245,jto,Journal of Thoracic Oncology,2023,Classification of Tumor Immune Microenvironment According to Programmed Death-Ligand 1 Expression and Immune Infiltration Predicts Response to Immunotherapy Plus Chemotherapy in Advanced Patients With NSCLC.,10.1016/j.jtho.2023.03.012,Sun_Classification_of_Tumor_Immune_Microenvironment_According_to_PMID36948245_publisher_typeset_pdf.pdf,98f88c8965d54876e358ff6d09117a3b9e61d571e839213f829ca254998cbdd6,13,publisher_typeset_pdf,main_text_deep_read_complete,2026-09-29,not_reviewed,not_supplied,Separate supplementary files not supplied or reviewed,jto-2023-36948245-language.md,19,no
37806383,jto,Journal of Thoracic Oncology,2024,Real-World Genomic Profile of EGFR Second-Site Mutations and Other Osimertinib Resistance Mechanisms and Clinical Landscape of NSCLC Post-Osimertinib.,10.1016/j.jtho.2023.09.1453,Rotow_Real_World_Genomic_Profile_of_EGFR_Second_Site_Mutations_and_PMID37806383_publisher_typeset_pdf.pdf,21e8d9120d523664679204d448fb53970c74556ac9fa1c7e145fd4934346bf1d,13,publisher_typeset_pdf,main_text_deep_read_complete,2026-09-29,not_reviewed,not_supplied,Separate supplementary files not supplied or reviewed,jto-2024-37806383-language.md,22,no
37981218,jto,Journal of Thoracic Oncology,2024,Allelic Context of EGFR C797X-Mutant Lung Cancer Defines Four Subtypes With Heterogeneous Genomic Landscape and Distinct Clinical Outcomes.,10.1016/j.jtho.2023.11.016,Lu_Allelic_Context_of_EGFR_C797X_Mutant_Lung_Cancer_Defines_Fou_PMID37981218_publisher_typeset_pdf.pdf,380412f2c9ef029751ab3c6113ca21e729dd185f807754762f263dc5734415d1,12,publisher_typeset_pdf,main_text_deep_read_complete,2026-09-29,not_reviewed,not_supplied,Separate supplementary files not supplied or reviewed,jto-2024-37981218-language.md,21,no
42749049,jto,Journal of Thoracic Oncology,2026,Genomic and transcriptomic features of relapsed small cell lung cancer.,10.1016/j.jtho.2026.104201,Devarakonda_Genomic_and_transcriptomic_features_of_relapsed_small_cell_l_PMID42749049_journal_preproof.pdf,f9404a4de8e08f426d0335c37c01aa1d6551ea2b141d877340db084a74ae9840,35,journal_preproof,main_text_deep_read_complete,2026-09-29,not_reviewed,not_supplied,Separate supplementary files not supplied or reviewed,jto-2026-42749049-language.md,21,no
41690367,jto,Journal of Thoracic Oncology,2026,"TTF-1 Expression in Lung Adenocarcinoma: Clinicopathologic, Genomic, and Immunophenotypic Correlates and Outcomes to Immunotherapy-Based Treatments and KRASG12C Inhibitors.",10.1016/j.jtho.2026.103610,Di Federico_TTF_1_Expression_in_Lung_Adenocarcinoma_Clinicopathologic_Ge_PMID41690367_publisher_typeset_article_in_press.pdf,e70affcd744783f58c0f37566334d32e92bfa015ba900a33a9fc0780005542b4,15,publisher_typeset_article_in_press,main_text_deep_read_complete,2026-09-29,not_reviewed,not_supplied,Separate supplementary files not supplied or reviewed,jto-2026-41690367-language.md,25,no
34230008,cancer-discovery,Cancer Discovery,2021,Resistance to Durvalumab and Durvalumab plus Tremelimumab Is Associated with Functional STK11 Mutations in Patients with Non-Small Cell Lung Cancer and Is Reversed by STAT3 Knockdown.,10.1158/2159-8290.CD-20-1543,Pore_Resistance_to_Durvalumab_and_Durvalumab_plus_Tremelimumab_Is_PMID34230008_publisher_typeset_pdf.pdf,090c19b9fc7a4445f7b07bc5b9e031d0ed94ae79cda87f176f2b368b44dbd4bd,18,publisher_typeset_pdf,main_text_deep_read_complete,2026-09-29,not_reviewed,not_supplied,Separate supplementary files not supplied or reviewed,cancer-discovery-2021-34230008-language.md,23,no
38207230,jco,Journal of Clinical Oncology,2024,Genomic and Immunophenotypic Landscape of Acquired Resistance to PD-(L)1 Blockade in Non-Small-Cell Lung Cancer.,10.1200/JCO.23.00580,Ricciuti_Genomic_and_Immunophenotypic_Landscape_of_Acquired_Resistanc_PMID38207230_publisher_typeset_pdf.pdf,eb949e25b1ae28869c53ec660cee95f4811c599aafec775f78682886acccacf4,13,publisher_typeset_pdf,main_text_deep_read_complete,2026-09-29,not_reviewed,not_supplied,Separate supplementary files not supplied or reviewed,jco-2024-38207230-language.md,22,no
42587156,nature,Nature,2026,Biomarkers of nivolumab benefit in resectable non-small cell lung cancer.,10.1038/s41586-026-10925-6,Cascone_Biomarkers_of_nivolumab_benefit_in_resectable_non_small_cell_PMID42587156_publisher_typeset_pdf.pdf,009a93b1c16fa740d3eeb1b6dd1f71abe418181a6d220f603c3cc1c50e22d436,29,publisher_typeset_pdf,main_text_deep_read_complete,2026-09-29,not_reviewed,partially_reviewed,Embedded extended/supplementary materials read as itemized in article note; external supplementary files not supplied,nature-2026-42587156-language.md,21,no
42432246,nature-genetics,Nature Genetics,2026,Evolving patterns of co-mutations from tumor initiation to metastatic progression.,10.1038/s41588-026-02661-4,Iyer_Evolving_patterns_of_co_mutations_from_tumor_initiation_to_m_PMID42432246_publisher_typeset_pdf.pdf,432aadcff80ad2ec1d89a4c56fb3cebfdd2fcb091447d4449431095fb3e17515,27,publisher_typeset_pdf,main_text_deep_read_complete,2026-09-29,not_reviewed,partially_reviewed,Embedded extended/supplementary materials read as itemized in article note; external supplementary files not supplied,nature-genetics-2026-42432246-language.md,21,no
